SOURCE	The Promised Neverland - S01E04 - Episode 4 HDTV-1080p.condensed.mp3
DURATION	666.220
CLIP	0.000	2.000	ここでの暮らしはどうかしら	ここでの暮らし[くらし]はどうかしら	在這裡的生活怎麼樣呢
CLIP	2.000	4.820	はい素晴らしいハウスですわ	はい素晴らしい[すばらしい]ハウスですわ	是的，非常棒的房子
CLIP	4.820	7.640	子供たちもみんな優秀でいい子で	子供[こども]たちもみんな優秀[ゆうしゅう]でいい子[こ]で	孩子們也都很優秀，是好孩子
CLIP	7.640	12.880	そうあなたも最近は言いつけを守っていい子にしているわね	そうあなたも最近[さいきん]は言[い]いつけを守[まも]っていい子[こ]にしているわね	是啊，你最近也遵守規矩，表現得很乖
CLIP	12.880	14.880	あはい	あはい	啊，好
CLIP	14.880	18.060	子供たちと打ち解けようとしたり	子供[こども]たちと打[う]ち解[と]けようとしたり	試著與孩子們打成一片
CLIP	18.060	20.000	全力で鬼ごっこしたり	全力[ぜんりょく]で鬼[おに]ごっこしたり	全力玩捉鬼遊戲
CLIP	20.780	23.100	おてんばだったから心配していたけれど	おてんばだったから心配[しんぱい]していたけれど	因為她很調皮，我很擔心
CLIP	23.100	24.780	大丈夫みたいね	大丈夫[だいじょうぶ]みたいね	看起來沒問題呢
CLIP	24.780	27.320	あなたは保険	あなたは保険[ほけん]	你是保險
CLIP	27.320	30.580	より確実に商品を守るために	より確実[かくじつ]に商品[しょうひん]を守[まも]るために	為了更確實地保護商品
CLIP	30.580	33.400	念のため呼び寄せた保険に過ぎないの	念[ねん]のため呼[よ]び寄[よ]せた保険[ほけん]に過[す]ぎないの	只是為了以防萬一而召喚的保險而已
CLIP	33.400	35.940	だからあなたは	だからあなたは	所以你
CLIP	35.940	39.040	誰が秘密を知っているのか知らなくていいし	誰[だれ]が秘密[ひみつ]を知っ[しっ]ているのか知ら[しら]なくていいし	不需要知道誰知道秘密
CLIP	39.040	41.920	従順なふりして立派に働いて	従順[じゅうじゅん]なふりして立派[りっぱ]に働[はたら]いて	假裝順從，努力工作得體面
CLIP	41.920	44.920	私の弱みを握っているのだと	私[わたし]の弱[よわ]みを握[にぎ]っているのだと	說自己掌握了我的弱點
CLIP	44.920	46.840	高笑いしていればいいのよ	高笑[たかわら]いしていればいいのよ	妳就儘管得意地大笑吧
CLIP	46.840	48.260	そんなことは	そんなことは	那種事
CLIP	48.260	51.120	あなたは私の駒である以外	あなたは私[わたし]の駒[こま]である以外[いがい]	除了你是我的棋子之外
CLIP	51.120	53.360	すべきことは何もないでしょ	すべきことは何[なに]もないでしょ	沒有什麼該做的了吧
CLIP	53.360	55.580	いい子にしていたら	いい子[こ]にしていたら	好好乖乖的話
CLIP	55.580	59.080	私が必ずあなたをママにしてあげる	私[わたし]が必ず[かならず]あなたをママにしてあげる	我一定會把你變成媽媽給你
CLIP	59.080	60.500	保証するわ	保証[ほしょう]するわ	我保證
CLIP	60.500	62.580	あなたは賢い子	あなたは賢い[かしこい]子[こ]	你是聰明的孩子
CLIP	62.580	65.400	今後は道を誤らないでね	今後[こんご]は道[みち]を誤[あやま]らないでね	以後可別再走錯路了
CLIP	65.400	68.580	あのアマ	あのアマ	那個賤女人
CLIP	68.580	70.820	今に見てろ	今[いま]に見[み]てろ	等著瞧吧
CLIP	70.820	74.320	お前を引きずり下ろしてやる	お前[まえ]を引[ひ]きずり下[お]ろしてやる	我一定要把妳拉下來
CLIP	74.320	74.800	え	え	嘛
CLIP	74.800	79.240	そしたら私がママよ	そしたら私[わたし]がママよ	那樣的話我就是媽媽喔
CLIP	79.240	80.360	エマ	エマ	艾瑪
CLIP	80.360	83.680	今日からはチームで鬼ごっこをしていこう	今日[きょう]からはチームで鬼ごっこ[おにごっこ]をしていこう	從今天起我們一起玩抓鬼遊戲吧
CLIP	83.680	84.800	チームで	チームで	一起
CLIP	84.800	88.680	今のまま個々で逃走したらほぼ死ぬからな	今[いま]のまま個々[ここ]で逃走[とうそう]したらほぼ死[し]ぬからな	照現在這樣各自逃跑，幾乎都會死
CLIP	88.680	89.600	ちょっとレイ	ちょっとレイ	稍微，雷
CLIP	89.600	92.400	でもみんなの動きは悪くない	でもみんなの動き[うごき]は悪く[わるく]ない	但大家的動作還不錯
CLIP	92.400	94.480	だったら個々にしなければいい	だったら個々[ここ]にしなければいい	那就不要分頭行動
CLIP	94.480	97.820	だから隊列を組んでチームで逃げる	だから隊列[たいれつ]を組ん[くん]でチームで逃げる[にげる]	所以排好隊形一起逃走
CLIP	97.820	100.360	より本番に近い形での鬼ごっこだ	より本番[ほんばん]に近い[ちかい]形[かたち]での鬼ごっこ[おにごっこ]だ	比起正式比賽更接近的抓鬼形式
CLIP	100.360	101.540	本番	本番[ほんばん]	正式比賽
CLIP	101.540	103.540	そこでさらに提案	そこでさらに提案[ていあん]	於是再提出建議
CLIP	103.540	106.260	ドンとギルダを引き入れよう	ドンとギルダを引き入れよう[ひきいれよう]	把唐和吉爾達拉進來吧
CLIP	106.260	109.980	事情を話して隊列を率いてもらうんだ	事情[じじょう]を話して[はなして]隊列[たいれつ]を率いて[ひきいて]もらうんだ	把情況說清楚，請他們率領佇列
CLIP	109.980	112.720	もし二人がママの情報源だったら	もし二人[ふたり]がママの情報源[じょうほうげん]だったら	如果兩人是媽媽的資訊來源的話
CLIP	112.720	113.940	問題ない	問題ない[もんだいない]	沒問題
CLIP	113.940	117.260	情報源の炙り出しと二人を引き入れること	情報源[じょうほうげん]の炙り出し[あぶりだし]と二人[ふたり]を引き入れること[ひきいれること]	資訊來源的揭露以及把兩人拉進來的事
CLIP	117.260	119.760	この二つは同時にできる	この二つ[ふたつ]は同時に[どうじに]できる	這兩件事可以同時進行
CLIP	119.760	122.480	すでに網も張った	すでに網[あみ]も張った[はった]	已經佈好網了
CLIP	122.480	123.760	エマ	エマ	艾瑪
CLIP	123.760	127.280	とりあえず今から隊列の型	とりあえず今から[いまから]隊列[たいれつ]の型[かた]	暫且從現在開始佇列的型態
CLIP	127.280	129.020	（語音不清）言うから覚えろ	（語音不清）言[い]うから覚[おぼ]えろ	我會說出（語音不清），記住了
CLIP	129.020	130.840	それって耳で	それって耳で[みみで]	那是用耳朵嗎
CLIP	130.840	132.940	できねえ	できねえ	做不到
CLIP	132.940	134.940	楽勝	楽勝[らくしょう]	輕鬆贏
CLIP	134.940	141.300	それじゃ今から十分逃げ切ってみな	それじゃ今[いま]から十分[じゅっぷん]逃[に]げ切[き]ってみな	那麼從現在開始盡量逃脫吧
CLIP	141.300	142.740	スタート	スタート	開始
CLIP	142.740	150.340	みんなついてきて逃げ切ってレイを驚かそうやってやるぜ	みんなついてきて逃げ切って[にげきって]レイを驚かそう[おどろかそう]やってやるぜ	大家跟著我逃脫，讓雷嚇一跳，就這樣做吧
CLIP	150.340	154.180	フィルは逃げるの上手だったね	フィルは逃[に]げるの上手[じょうず]だったね	菲爾很會逃呢
CLIP	154.180	158.100	これ面白えよ次は俺が隊長な	これ面白[おもしろ]えよ次[つぎ]は俺[おれ]が隊長[たいちょう]な	這個真好玩，下次換我當隊長
CLIP	158.100	160.480	でもちょっと休憩にしましょう	でもちょっと休憩[きゅうけい]にしましょう	不過先稍微休息一下吧
CLIP	160.480	164.300	チームで鬼ごっこうまくいきそうだね	チームで鬼[おに]ごっこうまくいきそうだね	組隊玩鬼抓人，看來行得通呢
CLIP	164.300	167.470	フィルスコアいくつだっけ	フィルスコアいくつだっけ	菲爾的分數是多少來著？
CLIP	167.470	172.407	えっと最近の平均は203ちょい	えっと最近[さいきん]の平均[へいきん]は203ちょい	嗯，最近平均是兩百零三分多一點
CLIP	172.415	177.255	高いねシスターとの鬼ごっこの時も今回も	高いね[たかいね]シスターとの鬼ごっこ[おにごっこ]の時も[のときも]今回も[こんかいも]	很高啊，和修女的捉迷藏時也是這樣，這次也是
CLIP	177.255	180.095	ラストまで残ってたんだよなあいつ	ラストまで残ってたんだよな[のこってたんだよな]あいつ	那傢伙一直撐到最後
CLIP	180.095	183.555	やめてよやっぱ疑うのなんてやだよ	やめてよやっぱ疑う[うたがう]のなんてやだよ	別這樣啦，我真的不想再懷疑了
CLIP	183.555	186.975	アホもっと疑え嫌でもとことん	アホもっと疑[うたが]え嫌[いや]でもとことん	笨蛋，多懷疑一點，就算不願意也要懷疑到底
CLIP	186.975	190.775	レイあれから発信機を壊す算段は順調	レイあれから発信[はっしん]機[き]を壊す[こわす]算段[さんだん]は順調[じゅんちょう]	雷，從那時起破壞發信機的計畫進展順利
CLIP	190.775	192.915	あとどのくらいで整う	あとどのくらいで整う[ととのう]	還要多久才能完成？
CLIP	192.915	194.815	そうだな	そうだな	是啊
CLIP	194.815	196.535	10日あれば	10日[とおか]あれば	只要十天就行
CLIP	196.535	199.255	じゃあ10日後に決行しよう	じゃあ10日後[とおかご]に決行[けっこう]しよう	那就十天後行動吧
CLIP	199.255	201.935	脱獄決行は10日後	脱獄決行[だつごくけっこう]は10日後[とおかご]	十天後實行越獄
CLIP	201.935	203.655	11月8日だ	11月[がつ]8日[ようか]だ	是11月8日
CLIP	203.655	205.715	ちょちょちょ急すぎない	ちょちょちょ急[きゅう]すぎない	別、別、別太急了吧
CLIP	205.715	206.995	いやいいんだけど	いやいいんだけど	不，其實沒關係
CLIP	206.995	208.215	よかねえよ	よかねえよ	不行啊
CLIP	208.215	210.355	コニーが出荷されてから2週間	コニーが出荷[しゅっか]されてから2週間[しゅうかん]	康妮出貨後已經兩週了
CLIP	210.355	212.595	出荷サイクルは最短で2ヶ月だから	出荷[しゅっか]サイクルは最短[さいたん]で2ヶ月[かげつ]だから	出貨週期最短需要兩個月
CLIP	212.595	214.755	残り猶予はあと1月半	残り[のこり]猶予[ゆうよ]はあと1月[つき]半[はん]	剩下的寬限時間還有一個半月
CLIP	214.755	218.635	その間じっくり準備を進めてって話じゃねえのかよ	その間[そのかん]じっくり準備[じゅんび]を進め[すすめ]てって話[はなし]じゃねえのかよ	不是說那段時間好好準備嗎？
CLIP	218.635	224.435	うんレイがそう考えたようにママは僕らがそう考えるよう制御してる	うんレイがそう考[かんが]えたようにママは僕[ぼく]らがそう考[かんが]えるよう制御[せいぎょ]してる	嗯，就像雷會這樣想，媽媽也在控制我們，讓我們這樣想
CLIP	224.435	227.435	だからその裏をかくんだ	だからその裏[うら]をかくんだ	所以我們要出乎她的意料
CLIP	227.435	228.435	ああ	ああ	啊
CLIP	228.435	231.435	それで焦って失敗したらどうするんだ	それで焦っ[あせっ]て失敗[しっぱい]したらどうするんだ	那麼如果因為急躁而失敗了，該怎麼辦？
CLIP	231.435	234.435	どのみち冬になる前には逃げないと	どのみち冬[ふゆ]になる前[まえ]には逃げ[にげ]ないと	不管怎樣，在冬天來臨前必須逃走
CLIP	234.435	238.435	発信機を壊し次第最速で脱獄を決行しよう	発信[はっしん]機[き]を壊し[こわし]次第[しだい]最速[さいそく]で脱獄[だつごく]を決行[けっこう]しよう	一破壞發信機就立刻以最快速度執行越獄
CLIP	238.435	241.935	必要なことは残り十日でやるんだね	必要[ひつよう]なことは残[のこ]り十日[とおか]でやるんだね	要做的事就在剩下的十天內完成吧
CLIP	241.935	245.835	今夜ドンとギルダに話をしよう	今夜[こんや]ドンとギルダに話[はなし]をしよう	今晚跟唐和吉爾達說說話吧
CLIP	245.835	248.315	二人とも私に合わせて	二人[ふたり]とも私[わたし]に合わせ[あわせ]て	兩人都配合我
CLIP	248.315	250.135	何話って	何[なに]話[はなし]って	說什麼話
CLIP	250.135	253.675	え？人身売買？	え？人身売買[じんしんばいばい]？	咦？人口販賣？
CLIP	255.675	259.975	今までの兄弟みんな悪い人に売られてたの	今[いま]までの兄弟[きょうだい]みんな悪い[わるい]人[ひと]に売ら[うら]れてたの	到目前為止的兄弟們全都被賣給了壞人
CLIP	259.975	261.675	ないないないない	ないないないない	沒有沒有沒有沒有
CLIP	261.675	267.135	でも塀に門出て行った兄弟たちから手紙の一つも来ないのも	でも塀[へい]に門[もん]出[で]て行[い]った兄弟[きょうだい]たちから手紙[てがみ]の一[ひと]つも来[こ]ないのも	可是，圍牆和大門，還有離開的兄弟姊妹連一封信也沒寄來……
CLIP	267.135	268.915	またまた	またまた	又來了
CLIP	268.915	272.715	でオチは一体これ何の遊び	でオチは一体[いったい]これ何[なに]の遊び[あそび]	那結局到底是什麼遊戲
CLIP	272.715	274.735	本当とか言わないよね	本当[ほんとう]とか言わ[いわ]ないよね	不會說是真的吧
CLIP	274.735	275.915	本当	本当[ほんとう]	真的
CLIP	275.910	280.055	は？待って、じゃあママは？	は？待[ま]って、じゃあママは？	什麼？等等，那媽媽呢？
CLIP	281.015	285.275	悪い人に私たちを売ってる	悪[わる]い人[ひと]に私[わたし]たちを売[う]ってる	她把我們賣給壞人
CLIP	285.275	289.055	は？あんなに優しいママがありえねえだろ	は？あんなに優[やさ]しいママがありえねえだろ	什麼？媽媽那麼溫柔，怎麼可能！
CLIP	289.055	290.355	取り消せ、エマ	取[と]り消[け]せ、エマ	收回那句話，艾瑪
CLIP	290.355	291.555	ドン	ドン	唐
CLIP	291.555	297.895	ハウスのこと、ママのこと大好きなエマが	ハウスのこと、ママのこと大好[だいす]きなエマが	那麼喜歡這個家、那麼喜歡媽媽的艾瑪
CLIP	297.895	300.355	そんな嘘つくはずない	そんな嘘[うそ]つくはずない	不可能說那種謊
CLIP	300.355	301.735	ギルダ	ギルダ	吉爾達
CLIP	301.735	304.735	それにね	それにね	而且啊
CLIP	304.735	309.555	変だと思ってたコニーが出て行った日	変[へん]だと思[おも]ってたコニーが出[で]て行[い]った日[ひ]	我早就覺得不對勁了，康妮離開的那天
CLIP	309.555	312.100	エマとノーマンが門へ行って	エマとノーマンが門[もん]へ行[い]って	艾瑪和諾曼去了大門那裡
CLIP	312.100	313.935	門へ？	門[もん]へ？	去了大門？
CLIP	313.935	322.615	いつもの2人ならたとえ規則を破ってもすぐに正直に謝って元通りなのにそうしていない	いつもの2人[にん]ならたとえ規則[きそく]を破っ[やぶっ]てもすぐに正直[しょうじき]に謝っ[あやまっ]て元通り[もとどおり]なのにそうしていない	如果是平常的兩個人，即使違規也會立刻誠實道歉恢復原狀，卻沒有這樣做
CLIP	322.615	325.875	エマ すごく真剣だし	エマ すごく真剣[しんけん]だし	艾瑪非常認真
CLIP	325.875	327.910	どんどん聞けなくなっちゃって	どんどん聞[き]けなくなっちゃって	就越來越問不出口了
CLIP	327.910	331.190	ごめんねごめんねギルダ	ごめんねごめんねギルダ	對不起，對不起，吉爾達
CLIP	331.190	333.500	不安にさせたよね	不安[ふあん]にさせたよね	讓妳擔心了吧
CLIP	333.500	335.570	エマは見たの？	エマは見[み]たの？	艾瑪，妳看到了嗎？
CLIP	335.570	340.988	コニーが売られていったの、その悪い人に	コニーが売[う]られていったの、その悪[わる]い人[ひと]に	康妮被賣給那些壞人的樣子
CLIP	340.990	345.990	ああ、でも間に合わなかった	ああ、でも間に合わ[まにあわ]なかった	啊，但來不及了
CLIP	345.990	348.310	コニーは無事なんだよな	コニーは無事[ぶじ]なんだよな	康妮平安無事吧
CLIP	348.310	349.650	わからない	わからない	不知道
CLIP	349.650	353.570	そんな、なんだよそんな	そんな、なんだよそんな	那樣，什麼啊那樣
CLIP	353.570	357.670	証拠になるか分からないけれど	証拠[しょうこ]になるか分から[わから]ないけれど	雖然不知道會不會成為證據
CLIP	357.670	361.730	ここ数日でレイとエマに調べてもらった兄弟のスコア	ここ数[すう]日[にち]でレイとエマに調べ[しらべ]てもらった兄弟[きょうだい]のスコア	最近幾天讓雷和艾瑪調查的兄弟分數
CLIP	361.730	363.630	スコア	スコア	分數
CLIP	363.630	371.190	出て行った子たちは6歳以降スコアの低い順に里子に出されている	出[で]て行っ[いっ]た子[こ]たちは6歳[さい]以降[いこう]スコアの低い[ひくい]順[じゅん]に里子[さとご]に出さ[ださ]れている	離開的孩子在六歲之後，依照分數低的順序被送去領養
CLIP	371.190	372.790	変だろ	変[へん]だろ	很奇怪吧
CLIP	372.790	375.190	確かにコニーのこのスコア	確か[たしか]にコニーのこのスコア	確實是康妮的這個分數
CLIP	375.190	376.930	ハーモンセディも	ハーモンセディも	哈蒙塞迪也是
CLIP	376.930	379.490	ノーマンの言う通りだ	ノーマンの言う[いう]通り[とおり]だ	諾曼說得對
CLIP	379.490	381.290	ドン、ギルダ	ドン、ギルダ	唐、吉爾達
CLIP	381.290	385.430	ここから逃げてコニーたちを助けに行こう	ここから逃げ[にげ]てコニーたちを助け[たすけ]に行こ[いこ]う	從這裡逃走去救康妮她們吧
CLIP	385.430	388.350	全員で一緒にここから逃げよう	全員[ぜんいん]で一緒[いっしょ]にここから逃げよ[にげよ]う	全員一起從這裡逃走吧
CLIP	388.350	389.670	助けて	助け[たすけ]て	救命
CLIP	389.670	391.890	おいノーマン	おいノーマン	喂，諾曼
CLIP	391.890	392.750	出荷のこと?	出荷[しゅっか]のこと?	是關於出貨的事嗎？
CLIP	393.330	394.790	何がわからないだ	何[なに]がわからないだ	什麼不懂啊
CLIP	394.790	397.050	あそこは死んだって言っとけよ	あそこは死ん[しん]だって言っ[いっ]とけよ	那裡說他死了吧
CLIP	397.050	400.070	円滑に引き入れるにはあれがベストだった	円滑[えんかつ]に引き入れる[ひきいれる]にはあれがベストだった	要順利引入的話，那個是最佳選擇
CLIP	400.070	402.770	もしあいつらがスパイじゃなかったら	もしあいつらがスパイじゃなかったら	如果他們不是間諜的話
CLIP	402.770	405.070	こんな嘘は残酷すぎる	こんな嘘[うそ]は残酷[ざんこく]すぎる	這樣的謊言太殘忍了
CLIP	405.070	408.850	生きてるなんてありもしない希望を与えるなよ	生きてる[いきてる]なんてありもしない希望[きぼう]を与える[あたえる]なよ	別給予那根本不存在的希望
CLIP	408.850	414.550	真実はいつどう言うんだ 言えるのか	真実[しんじつ]はいつどう言う[いう]んだ 言える[いえる]のか	真相到底什麼時候會說出來，能說嗎？
CLIP	414.550	417.250	その時はその時だよ	その時[とき]はその時[とき]だよ	那時候就是那時候
CLIP	417.250	419.590	二人がスパイだって線も拭えない	二人[ふたり]がスパイだって線[せん]も拭[ぬぐ]えない	也還不能排除他們兩人是間諜的可能
CLIP	419.590	421.450	ついでに罠も仕掛ける	ついでに罠[わな]も仕掛ける[しかける]	順便再設下陷阱
CLIP	421.450	422.510	罠	罠[わな]	陷阱
CLIP	422.510	426.290	ロープの隠し場所を二人に教える	ロープの隠し場所[かくしばしょ]を二人[ふたり]に教える[おしえる]	把繩子的藏匿處告訴兩人
CLIP	426.290	428.230	ドンには僕のベッドの裏	ドンには僕[ぼく]のベッドの裏[うら]	告訴唐我床底下的事
CLIP	428.230	431.730	ギルダには二階トイレの天井裏って伝えるんだ	ギルダには二[に]階[かい]トイレの天井裏[てんじょううら]って伝える[つたえる]んだ	告訴吉爾達二樓廁所的天花板上
CLIP	431.730	436.150	誰がどう動くか ママにどう漏れるか	誰[だれ]がどう動く[うごく]か ママにどう漏れる[もれる]か	誰會怎麼行動，會怎麼洩漏給媽媽
CLIP	436.150	437.370	それでたどれる	それでたどれる	就能追蹤到
CLIP	437.370	438.930	ロープは	ロープは	繩子是
CLIP	438.930	441.270	二人がスパイじゃなかった場合	二人[ふたり]がスパイじゃなかった場合[ばあい]	如果兩人不是間諜的話
CLIP	441.270	443.170	実物がなきゃこじれるぜ	実物[じつぶつ]がなきゃこじれるぜ	沒有實體就會卡住
CLIP	443.170	445.590	ちゃんと用意してあるよ	ちゃんと用意[ようい]してあるよ	已經好好準備好了
CLIP	445.590	448.890	準備万端ってわけか	準備[じゅんび]万端[ばんたん]ってわけか	就是說已經萬全準備了
CLIP	448.890	450.130	言っただろ	言っ[いっ]ただろ	我說過了吧
CLIP	450.130	452.310	裏をかかなきゃって	裏[うら]をかかなきゃって	得出乎她的意料才行
CLIP	452.310	453.470	待って待って	待っ[まっ]て待っ[まっ]て	等一下，等一下
CLIP	453.470	455.450	なんかこうやって	なんかこうやって	就這樣子
CLIP	455.450	458.090	エマと二人で話すの久しぶり	エマと二人[ふたり]で話す[はなす]の久しぶり[ひさしぶり]	和艾瑪兩人一起說話好久不見了
CLIP	458.090	459.310	変だよね	変[へん]だよね	很奇怪吧
CLIP	459.310	461.590	毎日一緒なのに	毎日[まいにち]一緒[いっしょ]なのに	明明每天都在一起
CLIP	461.590	462.990	これからだって	これからだって	從現在開始也是
CLIP	462.990	464.830	ずっと一緒だよね	ずっと一緒[いっしょ]だよね	一直都會在一起吧
CLIP	464.830	466.010	うん	うん	嗯
CLIP	466.010	470.970	そうロープがノーマンのベッドにあるのね	そうロープがノーマンのベッドにあるのね	原來繩子在諾曼的床上啊
CLIP	470.970	472.930	待ってたわギルダ	待っ[まっ]てたわギルダ	等著呢，吉爾達
CLIP	472.930	476.070	さあ話してギルダ	さあ話し[はなし]てギルダ	來說說吧，吉爾達
CLIP	476.070	478.910	例の件ですよね	例[れい]の件[けん]ですよね	就是那件事吧
CLIP	478.910	480.870	悩み事はありません	悩み[なやみ]事[ごと]はありません	沒有煩惱的事
CLIP	480.870	484.510	心配して何度も声をかけてくださってありがとうございました	心配[しんぱい]して何[なん]度[ど]も声[こえ]をかけてくださってありがとうございました	感謝你一直關心並多次跟我說話
CLIP	484.510	488.730	そうよ心配してるの	そうよ心配[しんぱい]してるの	是啊，我在擔心
CLIP	488.730	490.550	でももう大丈夫です	でももう大丈夫[だいじょうぶ]です	但是現在已經沒問題了
CLIP	490.550	492.690	なので放っておいてください	なので放[ほう]っておいてください	所以請不要管我了
CLIP	492.690	494.530	失礼します	失礼[しつれい]します	失禮了
CLIP	494.530	498.760	そうエマが全て話してくれたのね	そうエマが全[すべ]て話[はな]してくれたのね	這樣啊，艾瑪已經全都告訴妳了呢
CLIP	498.760	504.100	ギルダあなた全部知ってしまったのね	ギルダあなた全部[ぜんぶ]知[し]ってしまったのね	吉爾達，妳已經全都知道了呢
CLIP	504.100	506.558	ああ残念よギルダ	ああ残念[ざんねん]よギルダ	啊，真可惜，吉爾達
CLIP	506.565	510.565	あなたとはお友達になれると思っていたのに	あなたとはお友達[ともだち]になれると思っ[おもっ]ていたのに	本來以為能和你成為朋友的
CLIP	510.565	513.485	他に誰が知っているの	他[た]に誰[だれ]が知[し]っているの	還有誰知道呢？
CLIP	513.485	515.905	ノーマンレイ	ノーマンレイ	諾曼、雷
CLIP	515.905	517.545	あとは	あとは	還有…
CLIP	517.545	520.425	あなただけ見逃してあげるから	あなただけ見逃[みのが]してあげるから	只會放過你
CLIP	520.425	522.305	仲良くしましょうよ	仲良[なかよ]くしましょうよ	我們好好相處吧
CLIP	522.305	523.605	やめてください	やめてください	請不要這樣
CLIP	523.605	526.605	何の話か分かりません	何[なに]の話[はなし]か分[わ]かりません	我不清楚在說什麼
CLIP	526.605	528.585	エマとは喧嘩してただけ	エマとは喧嘩[けんか]してただけ	只是和艾瑪吵了一下
CLIP	528.585	531.525	でももう仲直りできたから大丈夫なんです	でももう仲直り[なかなおり]できたから大丈夫[だいじょうぶ]なんです	但現在已經和好，沒問題的
CLIP	531.525	536.005	そうじゃあ私の勘違いねごめんなさい	そうじゃあ私[わたし]の勘違い[かんちがい]ねごめんなさい	原來是我誤會了，對不起
CLIP	536.005	541.225	エマの嘘つきと思ったらまた私の元へおいでなさい	エマの嘘[うそ]つきと思っ[おもっ]たらまた私[わたし]の元[もと]へおいでなさい	如果把艾瑪當成說謊者，就再回到我這裡吧
CLIP	541.225	543.385	またねギルダ	またねギルダ	再見，吉爾達
CLIP	543.385	545.825	エマギルダ	エマギルダ	艾瑪，吉爾達
CLIP	545.825	550.205	諦めないギルダがダメなら	諦め[あきらめ]ないギルダがダメなら	如果不放棄的吉爾達不行的話
CLIP	550.205	553.765	トーマ様参上	トーマ様[さま]参上[さんじょう]	託馬大人登場
CLIP	553.765	555.205	大丈夫かな	大丈夫[だいじょうぶ]かな	沒事吧？
CLIP	555.205	556.665	行こう	行[い]こう	走吧
CLIP	556.665	558.665	ママが見てる	ママが見[み]てる	媽媽在看著
CLIP	558.665	560.925	エマの話からすると	エマの話[はなし]からすると	從艾瑪的說法來看
CLIP	560.925	562.265	ギルダは潔白	ギルダは潔白[けっぱく]	吉爾達是清白的
CLIP	562.265	564.405	ねえレイ	ねえレイ[れい]	嘿，雷
CLIP	564.405	567.385	内通者はなぜ内通するんだろう	内通者[ないつうしゃ]はなぜ内通[ないつう]するんだろう	內通者為什麼會內通呢
CLIP	567.385	568.685	そりゃ	そりゃ	那是因為
CLIP	568.685	570.805	そうするメリットがあるからじゃね	そうするメリットがあるからじゃね	因為這樣有好處啊
CLIP	570.805	571.785	例えば	例えば[たとえば]	比如說
CLIP	571.785	574.325	出荷を逃れて大人になれる	出荷[しゅっか]を逃れ[のがれ]て大人[おとな]になれる	逃過出貨，變成大人
CLIP	574.325	574.925	とか	とか	之類的
CLIP	574.925	578.465	命の保障	命[いのち]の保障[ほしょう]	生命的保障
CLIP	578.465	579.445	か	か	嗎
CLIP	579.445	584.665	なるほどこれは逃走の訓練だったってわけ	なるほどこれは逃走[とうそう]の訓練[くんれん]だったってわけ	原來這是逃跑的訓練啊
CLIP	584.665	591.285	エマちょっといい	エマちょっといい	艾瑪，方便一下嗎
CLIP	591.285	595.265	エマの考えを聞きたいんだ	エマの考[かんが]えを聞[き]きたいんだ	我想聽聽艾瑪的想法
CLIP	595.265	599.565	もし望んで鬼の手先になっている子がいて	もし望ん[のぞん]で鬼[おに]の手先[てさき]になっている子[こ]がいて	如果有孩子自願成為鬼的走狗
CLIP	599.565	604.045	スパイをすることでその命を保証されているとしたら	スパイをすることでその命[いのち]を保証[ほしょう]されているとしたら	如果說成為間諜就能保證那個孩子的性命
CLIP	604.045	608.525	スパイをすれば出荷されずに生きられるってこと	スパイをすれば出荷[しゅっか]されずに生き[いき]られるってこと	也就是說只要當間諜就不會被出貨，能活下去
CLIP	608.525	612.725	エマはその子を置いてく?連れていく?	エマはその子[こ]を置い[おい]てく?連れ[つれ]ていく?	艾瑪會把那孩子留下，還是帶走？
CLIP	613.225	614.025	連れてく	連れ[つれ]てく	帶走
CLIP	614.025	618.065	たとえ相手が望まなくても	たとえ相手[あいて]が望ま[のぞま]なくても	即使對方不願意
CLIP	618.065	619.525	うん引っ張ってく	うん引っ張っ[ひっぱっ]てく	嗯，我會拉著她
CLIP	619.525	624.885	だって私たちが逃げたらその子の命が保証されるとは限らないもの	だって私[わたし]たちが逃げ[にげ]たらその子[こ]の命[いのち]が保証[ほしょう]されるとは限ら[かぎら]ないもの	可是我們一逃走，那孩子的性命未必就能得到保障
CLIP	624.885	630.025	それにねやっぱり私は信じたい	それにねやっぱり私[わたし]は信[しん]じたい	而且說真的，我還是想相信。
CLIP	630.025	633.165	ギルダとのことで改めて思ったんだ	ギルダとのことで改[あらた]めて思[おも]ったんだ	和吉爾達的事讓我重新這麼想。
CLIP	633.165	635.945	レイには疑えって言われたけど	レイには疑[うたが]えって言[い]われたけど	雷說過要我懷疑，但…
CLIP	635.945	638.545	たとえ鬼の手先の内通者でも	たとえ鬼[おに]の手先[てさき]の内通者[ないつうしゃ]でも	即使是鬼的手下的內通者也…
CLIP	638.545	641.625	兄弟に悪い子はいないと思う	兄弟[きょうだい]に悪い[わるい]子[こ]はいないと思う[おもう]	我覺得兄弟裡沒有壞孩子。
CLIP	641.625	644.725	一緒に育った家族だもん	一緒[いっしょ]に育っ[そだっ]た家族[かぞく]だもん	因為是一起長大的家人嘛。
CLIP	644.725	647.505	邪魔されても裏切られても甘いって言われても	邪魔[じゃま]されても裏切[うらぎ]られても甘[あま]いって言[い]われても	即使被妨礙、被背叛、被說甜言蜜語，我仍想相信那孩子。
CLIP	647.505	649.545	私はその子を信じたい	私[わたし]はその子[こ]を信[しん]じたい	我想相信那孩子。
CLIP	649.545	651.805	エマならそう言うよね	エマならそう言[い]うよね	艾瑪會這麼說吧。
CLIP	651.805	653.485	どうよ	どうよ	怎麼樣？
CLIP	653.485	654.605	ない	ない	沒有。
CLIP	654.605	656.365	マジか	マジか	真的嗎？
CLIP	656.365	658.925	じゃあ	じゃあ	那麼。
CLIP	658.925	661.485	ドンで決まりだな	ドンで決[き]まりだな	那就確定是唐了吧
CLIP	661.485	661.885	うん	うん	嗯。
CLIP	661.885	665.005	内通者は君だったんだね	内通者[ないつうしゃ]は君[きみ]だったんだね	原來內通者是你啊。
CLIP	665.005	666.165	レイ	レイ	雷
