SOURCE	The Promised Neverland - S01E01 - 121045 HDTV-1080p.condensed.mp3
DURATION	653.870
CLIP	0.000	1.880	これ何?	これ何[なに]?	這是什麼？
CLIP	2.680	5.520	門だよ、中と外を繋ぐもの	門[もん]だよ、中[なか]と外[そと]を繋[つな]ぐもの	是門，連線裡面和外面的東西
CLIP	5.520	9.540	外か、一度も行ったことないね	外[そと]か、一度[いちど]も行[い]ったことないね	外面嗎，從未去過呢
CLIP	9.540	13.080	僕たち生まれてからずっとここだからね	僕[ぼく]たち生[う]まれてからずっとここだからね	我們從出生起就一直在這裡啊
CLIP	13.080	16.420	そういえばママ、言ってたよね	そういえばママ、言[い]ってたよね	說起來，媽媽說過吧
CLIP	16.420	20.820	門と森の奥の柵へは危ないから近寄っちゃダメって	門[もん]と森[もり]の奥[おく]の柵[さく]へは危[あぶ]ないから近寄[ちかよ]っちゃダメって	說過門和森林深處的柵欄很危險，不能靠近
CLIP	20.820	23.740	あんなの嘘に決まってるだろ	あんなの嘘[うそ]に決[き]まってるだろ	那種事肯定是謊言吧
CLIP	23.740	24.880	そうかな	そうかな	是這樣嗎
CLIP	24.880	28.400	ねえレイ、外へ行ったら何したい?	ねえレイ、外[そと]へ行[い]ったら何[なに]したい?	嘿雷，去外面想做什麼？
CLIP	28.400	30.560	わかんねえ エマは?	わかんねえ エマは?	不知道，艾瑪呢？
CLIP	31.140	32.160	キリンに乗りたい	キリンに乗[の]りたい	想騎長頸鹿
CLIP	32.160	33.600	がんば	がんば	加油
CLIP	33.600	35.040	これ	これ	這個
CLIP	35.040	40.680	これ 一体何から僕らを守ってるんだろう	これ 一体[いったい]何[なに]から僕[ぼく]らを守[まも]ってるんだろう	這到底是在保護我們免於什麼呢？
CLIP	40.680	43.240	みんな 起きて	みんな 起[お]きて	大家起床
CLIP	43.240	46.300	朝ごはん 遅れるよ	朝[あさ]ごはん 遅[おく]れるよ	吃早餐要遲到了喔
CLIP	46.300	48.340	待て待て	待[ま]て待[ま]て	等一下等一下
CLIP	48.340	51.840	ほら 遊んでないで 支度しな	ほら 遊[あそ]んでないで 支度[したく]しな	好了，別玩了，快準備
CLIP	51.840	53.480	（語音不清）靴履け（語音不清）	（語音不清）靴[くつ]履[は]け（語音不清）	（語音不清）穿鞋（語音不清）
CLIP	53.480	54.740	（語音不清）結べない	（語音不清）結[むす]べない	（語音不清）綁不起來
CLIP	54.740	57.680	ちょっと待って 泣かないで	ちょっと待[ま]って 泣[な]かないで	等一下，別哭
CLIP	57.680	59.000	おはよう	おはよう	早安
CLIP	59.000	61.780	ドン、コニー、リトルバーニーも	ドン、コニー、リトルバーニーも	唐、康妮，還有小兔兔
CLIP	61.780	62.800	おはよう	おはよう	早安
CLIP	62.800	64.140	おはようエマ	おはようエマ	早安艾瑪
CLIP	64.140	66.740	よし間に合った	よし間[ま]に合[あ]った	太好了，趕上了
CLIP	66.740	69.860	お前たち	お前[おまえ]たち	你們
CLIP	69.860	74.320	やってるやってる	やってるやってる	在做啊在做啊
CLIP	74.320	78.460	おはようエマ	おはようエマ	早安艾瑪
CLIP	78.460	80.380	おはようエマ	おはようエマ	早安艾瑪
CLIP	80.380	83.740	元気だねまだ朝ごはん前なのに	元[げん]気[き]だねまだ朝[あさ]ごはん前[まえ]なのに	真有精神，明明還沒吃早餐
CLIP	83.740	86.060	お前歳いくつだ5歳	お前[おまえ]歳[とし]いくつだ5歳[さい]	你幾歲啊，5歲
CLIP	86.060	88.520	二人と同じ11歳	二人[ふたり]と同[おな]じ11歳[さい]	和兩個人一樣是11歲
CLIP	88.520	90.060	最年長ですけど	最[さい]年[ねん]長[ちょう]ですけど	雖然是最年長的
CLIP	90.060	93.180	ママまで	ママまで	甚至媽媽
CLIP	93.180	95.840	エマこっち手伝って	エマこっち手伝[てつだ]って	艾瑪，這邊幫忙
CLIP	95.840	100.100	ママもう一回入ってくるところからやり直す	ママもう一回[いっかい]入[はい]ってくるところからやり直[なお]す	媽媽再從剛進來的地方重新開始
CLIP	100.100	103.760	どうして私は好きよエマのそういうところ	どうして私[わたし]は好[す]きよエマのそういうところ	為什麼我喜歡艾瑪那樣的地方
CLIP	103.760	105.660	中身5歳のところ	中[なか]身[み]5歳[さい]のところ	內在是5歲的地方
CLIP	105.660	110.960	家族みんなをとても大切に思ってるところ	家[か]族[ぞく]みんなをとても大切[たいせつ]に思[おも]ってるところ	把全家人都非常珍視的地方
CLIP	110.960	113.620	ありがとうママ	ありがとうママ	謝謝媽媽
CLIP	113.620	116.620	おはよう私の可愛い子供たち	おはよう私[わたし]の可愛い[かわいい]子供[こども]たち	早安，我可愛的孩子們
CLIP	116.620	120.260	こうして今日も38人の兄弟みんなで	こうして今日[きょう]も38人[さんじゅうはちにん]の兄弟[きょうだい]みんなで	就這樣，今天也和38位兄弟一起
CLIP	120.260	123.080	幸せに暮らせることに感謝して	幸せ[しあわせ]に暮らせる[くらせる]ことに感謝[かんしゃ]して	感謝能夠幸福地生活
CLIP	123.080	126.400	いただきます	いただきます	我開動了
CLIP	126.400	130.400	はいあん	はいあん	好的
CLIP	130.400	132.280	おいしい	おいしい	好吃
CLIP	132.280	135.400	甘えん坊さんねコニー	甘[あま]えん坊[ぼう]さんねコニー	康妮真愛撒嬌呢
CLIP	135.400	137.580	だっていいでしょ今日は	だっていいでしょ今日[きょう]は	因為今天可以啊
CLIP	137.580	139.180	そうね	そうね	是啊
CLIP	139.180	141.420	まあ半分はいったろ	まあ半分[はんぶん]はいったろ	嗯，差不多一半吧
CLIP	141.420	147.720	半分は？すごいなあ。私なんかは全然	半分[はんぶん]は？すごいなあ。私[わたし]なんかは全然[ぜんぜん]	一半？好厲害喔，我根本就不行
CLIP	147.720	156.980	それじゃあ結果を返すわね ノーマンレイエマすごいは3人ともまた満点フルスコアよ	それじゃあ結果[けっか]を返す[かえす]わね ノーマンレイエマすごいは3人[にん]ともまた満点[まんてん]フルスコアよ	那麼就把結果回報給你，諾曼、雷、艾瑪真厲害，三人都再次拿到滿分全分
CLIP	156.980	159.700	やっぱちげーなあの3人は	やっぱちげーなあの3人[にん]は	那三個人果然不一樣啊
CLIP	159.700	163.100	ダントツの頭脳を持つ天才ノーマン。	ダントツの頭脳[ずのう]を持[も]つ天才[てんさい]ノーマン。	擁有超群頭腦的天才諾曼。
CLIP	163.100	167.300	その天才と唯一互角に渡り合える知恵者のレイ。	その天才[てんさい]と唯一[ゆいいつ]互角[ごかく]に渡[わた]り合[あ]える知恵者[ちえしゃ]のレイ。	唯一能和那位天才平分秋色的智者雷。
CLIP	167.300	171.447	抜群の運動神経と学習能力で二人を追いかけるエマ。	抜群[ばつぐん]の運動神経[うんどうしんけい]と学習能力[がくしゅうのうりょく]で二人[ふたり]を追[お]いかけるエマ。	以出色的運動神經和學習能力追趕兩人的艾瑪。
CLIP	172.268	175.808	あのレベルが一度に三人。ハウス史上初だって。	あのレベルが一度[いちど]に三人[さんにん]。ハウス史上初[しじょうはつ]だって。	那個等級一次就有三人，這是哈斯史上首次
CLIP	176.208	177.827	そりゃママも喜ぶな。	そりゃママも喜[よろこ]ぶな。	那媽媽當然也會高興啊
CLIP	178.188	181.567	ノーマン!鬼ごっこで勝負だ!	ノーマン!鬼ごっこ[おにごっこ]で勝負[しょうぶ]だ!	諾曼！來玩捉迷藏決勝負吧！
CLIP	184.127	187.427	来いよ、ノーマン！絶対逃げ切ってやる！	来[こ]いよ、ノーマン！絶対[ぜったい]逃[に]げ切[き]ってやる！	來吧，諾曼！我絕對會逃到最後！
CLIP	187.427	189.427	なっコニー	なっコニー	啊，康妮
CLIP	189.427	192.227	ドンいつも助けてくれてありがとう	ドンいつも助[たす]けてくれてありがとう	唐，謝謝你一直幫忙
CLIP	192.227	194.427	なーに言ってんだ（語音不清）	なーに言[い]ってんだ（語音不清）	說什麼呢（語音不清）
CLIP	194.427	196.207	助けてやるよ	助[たす]けてやるよ	我會幫你的
CLIP	196.207	198.327	お前が困った時はいつでも	お前[まえ]が困[こま]った時[とき]はいつでも	只要你有困難，我隨時都會在
CLIP	198.327	200.988	この靴の大きさは	この靴[くつ]の大[おお]きさは	這雙鞋的尺寸是
CLIP	200.988	202.748	ノーマン隙あり	ノーマン隙[すき]あり	諾曼，有破綻！
CLIP	202.748	205.667	ドン隙だらけ	ドン隙[すき]だらけ	唐，你渾身都是破綻
CLIP	205.667	207.207	いつも言ってるだろ	いつも言[い]ってるだろ	我一直都說了吧
CLIP	207.207	210.088	ドンの弱点はすぐに決めつけて	ドンの弱点[じゃくてん]はすぐに決[き]めつけて	唐的弱點是很快就下定論
CLIP	210.088	211.427	熱くなるとこ	熱[あつ]くなるとこ	容易熱血的地方
CLIP	211.427	217.887	なにこれほぼ全滅じゃん	なにこれほぼ全滅[ぜんめつ]じゃん	這是什麼，幾乎全滅了吧
CLIP	217.887	220.028	だってノーマンだもん	だってノーマンだもん	因為是諾曼嘛
CLIP	220.028	222.588	あと生き残ってるのはエマだけ	あと生[い]き残[のこ]ってるのはエマだけ	剩下的只有艾瑪
CLIP	222.588	224.167	ノーマン	ノーマン	諾曼
CLIP	224.167	226.088	転んだふり	転[ころ]んだふり	假裝跌倒
CLIP	226.088	228.707	ずるっ心配したのに	ずるっ心配[しんぱい]したのに	明明已經擔心了
CLIP	228.707	232.147	エマの弱点は優しいところ	エマの弱点[じゃくてん]は優[やさ]しいところ	艾瑪的弱點是太溫柔
CLIP	232.147	238.387	また捕まっちゃったもうなんで悔しい	また捕[つか]まっちゃったもうなんで悔[く]しい	又被抓住了，真是讓人懊惱
CLIP	238.387	239.507	問題	問題[もんだい]	問題
CLIP	239.507	242.387	ノーマンにあってエマにないものは?	ノーマンにあってエマにないものは?	諾曼有而艾瑪沒有的是什麼？
CLIP	242.988	249.567	うーん、計画性?落ち着き?圧倒的頭の良さ?	うーん、計画性[けいかくせい]?落[お]ち着[ちつ]き?圧倒的[あっとうてき]頭[あたま]の良[よ]さ?	嗯，計畫性？沉著？壓倒性的聰明？
CLIP	250.127	251.248	戦略だ	戦略[せんりゃく]だ	策略啊
CLIP	251.248	256.147	確かに、単純な身体能力ならエマの方が上だろう	確かに[たしかに]、単純[たんじゅん]な身体能力[しんたいのうりょく]ならエマの方[ほう]が上[うえ]だろう	確實，如果是單純的體能的話，艾瑪會比較強吧
CLIP	256.147	260.288	でもノーマンはここが強い、半端ない	でもノーマンはここが強い[つよい]、半端[はんぱ]ない	但是諾曼在這方面很強，簡直是半點不差
CLIP	260.288	263.688	鬼ごっこはまさに戦略を競う遊びなんだ	鬼ごっこ[おにごっこ]はまさに戦略[せんりゃく]を競う[きそう]遊び[あそび]なんだ	捉迷藏正是以策略相爭的遊戲
CLIP	263.688	265.248	鬼ごっこが?	鬼ごっこ[おにごっこ]が?	捉迷藏嗎？
CLIP	265.768	268.527	体をフルに使ったチェスみたいなもんだ	体[からだ]をフルに使っ[つかっ]たチェスみたいなもんだ	就像全身投入的棋局一樣
CLIP	268.527	270.868	そうだろノーマン	そうだろノーマン	是吧，諾曼
CLIP	270.868	275.067	まあねでもレイは僕なんかよりずっと策士だよ	まあねでもレイは僕[ぼく]なんかよりずっと策士[さくし]だよ	算是吧，不過雷比我更精於謀略喔
CLIP	275.067	276.248	買いかぶんな	買[か]いかぶんな	別太抬舉我了
CLIP	276.248	278.627	敵の手を読むってことか	敵[てき]の手[て]を読む[よむ]ってことか	是說要讀懂對手的手段嗎
CLIP	278.627	282.667	でも僕たちもママに比べたらまだまだだね	でも僕たち[ぼくたち]もママに比べ[くらべ]たらまだまだだね	不過我們比起媽媽來還是差遠了
CLIP	282.667	287.308	確かに私たち一度もママにチェスで勝ったことないしね	確か[たしか]に私[わたし]たち一[いち]度[ど]もママにチェスで勝っ[かっ]たことないしね	確實，我們一次也沒在棋局上贏過媽媽
CLIP	287.308	291.647	ノーマンリベンジだ	ノーマンリベンジだ	諾曼要復仇了
CLIP	291.647	294.567	次ノーマン以外全員鬼	次[つぎ]ノーマン以外[いがい]全員[ぜんいん]鬼[おに]	下次除了諾曼，大家全當鬼
CLIP	294.567	297.067	また熱くなってる	また熱[あつ]くなってる	又變熱情起來了
CLIP	297.067	299.007	僕の負けだ	僕[ぼく]の負[ま]けだ	是我的失敗
CLIP	299.007	301.627	絶対に近寄ってはダメよ	絶対[ぜったい]に近寄[ちかよ]ってはダメよ	絕對不能靠近
CLIP	301.627	303.647	ってママいつも言ってるよね	ってママいつも言っ[いっ]てるよね	媽媽總是這麼說吧
CLIP	303.647	306.667	門と森の奥の柵だけは危ないからって	門[もん]と森[もり]の奥[おく]の柵[さく]だけは危[あぶ]ないからって	只是說門和森林深處的柵欄很危險
CLIP	306.667	308.907	あんなの嘘に決まってるだろ	あんなの嘘[うそ]に決[き]まってるだろ	那樣的事肯定是謊言
CLIP	308.907	311.227	嘘ってどういうこと	嘘[うそ]ってどういうこと	說謊是什麼意思？
CLIP	311.227	313.067	だって見ろよ	だって見[み]ろよ	因為你看啊！
CLIP	313.067	315.667	これのどこが危ないって言うんだ	これのどこが危[あぶ]ないって言[い]うんだ	這哪裡危險，你說說看？
CLIP	315.667	319.227	柵も低いし危ないものは何も見当たらない	柵[さく]も低[ひく]いし危[あぶ]ないものは何[なに]も見当[みあ]たらない	柵也很低，根本找不到危險的東西
CLIP	319.227	321.227	でもママがそう言うんだから	でもママがそう言[い]うんだから	但既然媽媽這麼說了
CLIP	321.227	323.700	お前ママが大好きだもんな	お前[まえ]ママが大好[だいす]きだもんな	你最喜歡媽媽了嘛
CLIP	323.700	325.100	それはみんなだって	それはみんなだって	大家不也都一樣嗎
CLIP	325.100	328.000	おい、やる気あんのかよお前ら	おい、やる気[き]あんのかよお前[まえ]ら	喂，你們到底還想不想玩啊
CLIP	328.000	330.200	あれもうおしまい	あれもうおしまい	咦，已經結束了？
CLIP	330.200	332.000	今日はもうよそう	今日[きょう]はもうよそう	今天就到這裡吧
CLIP	332.000	334.775	あんまり遅いとママが心配するし	あんまり遅[おそ]いとママが心配[しんぱい]するし	太晚回去，媽媽會擔心的
CLIP	334.775	339.315	いつか出てくんだなこっから	いつか出[で]てくんだなこっから	總有一天會從這裡離開
CLIP	339.315	342.875	ここ孤児院だよ出ていくのは当然	ここ孤児院[こじいん]だよ出[で]ていくのは当然[とうぜん]	這裡是孤兒院啊，離開是理所當然的
CLIP	342.875	344.935	12歳までにね	12歳[さい]までにね	在十二歲之前
CLIP	344.935	348.655	あのさ全然届かないよね	あのさ全然[ぜんぜん]届[とど]かないよね	那個根本傳不到啊
CLIP	348.655	350.495	手紙手紙	手紙[てがみ]手紙[てがみ]	信，信
CLIP	350.495	354.575	ほらハウスを出て行って誰一人よこさないじゃない	ほらハウスを出[で]て行[い]って誰[だれ]一人[ひとり]よこさないじゃない	看，離開收容所後，沒有人給我們任何東西
CLIP	354.575	358.755	そりゃ里親に遠慮する気持ちもあるだろうし	そりゃ里親[さとおや]に遠慮[えんりょ]する気持[きも]ちもあるだろうし	畢竟對裡親會有顧慮也是正常的
CLIP	358.755	362.835	でも俺たち生まれてからずっと一緒なんだぞ	でも俺[おれ]たち生ま[う]れてからずっと一緒[いっしょ]なんだぞ	但我們從出生起就一直在一起啊
CLIP	362.835	366.815	血は繋がってないけど本当以上の兄弟だろ	血[ち]は繋[つな]がってないけど本当[ほんとう]以上[いじょう]の兄弟[きょうだい]だろ	雖然血緣不相連，但我們的情誼超過真正的兄弟
CLIP	366.815	369.755	きっとハウスのことなんて忘れちゃうぐらい	きっとハウスのことなんて忘[わす]れちゃうぐらい	一定會把收容所的事忘得一乾二淨
CLIP	369.755	372.255	毎日楽しいことでいっぱいなのね	毎日[まいにち]楽[たの]しいことでいっぱいなのね	每天都充滿了快樂的事
CLIP	372.255	375.135	だったらいいじゃん嬉しいよ私	だったらいいじゃん嬉[うれ]しいよ私[わたし]	那樣就好啊，我很開心
CLIP	375.135	378.595	私も早く外へ出たい	私[わたし]も早[はや]く外[そと]へ出[で]たい	我也想快點走出外面
CLIP	378.595	379.875	出たら何したい	出[で]たら何[なに]したい	出去了想做什麼？
CLIP	379.875	381.915	決まってるじゃない（語音不清）洋服	決[き]まってるじゃない（語音不清）洋服[ようふく]	那還用說嗎，（語音不清）衣服
CLIP	381.915	383.175	出た	出[で]た	出去了
CLIP	383.175	386.295	だって今これ一種類だけだよ	だって今[いま]これ一[いち]種類[しゅるい]だけだよ	可是現在只有這一種啊
CLIP	386.295	387.735	本で読んだの	本[ほん]で読[よ]んだの	我在書上讀到的
CLIP	387.735	389.935	外の世界には信じられないくらいの	外[そと]の世界[せかい]には信じ[しんじ]られないくらいの	外面的世界有著難以置信的
CLIP	389.935	391.615	たくさんの種類の服があるのよ	たくさんの種類[しゅるい]の服[ふく]があるのよ	有各式各樣的衣服
CLIP	391.615	392.655	全部着てみたい	全部[ぜんぶ]着[き]てみたい	想全部都穿穿看
CLIP	392.655	394.675	俺はうまいもん食いたいな	俺[おれ]はうまいもん食い[くい]たいな	我想吃好吃的東西
CLIP	394.675	396.655	可愛い女の子とデートとか	可愛い[かわいい]女の子[おんなのこ]とデートとか	比如和可愛的女孩約會
CLIP	396.655	398.975	それってなんか失礼じゃない	それってなんか失礼[しつれい]じゃない	那樣不會有點失禮嗎
CLIP	398.975	401.055	いやそういう意味じゃ	いやそういう意味[いみ]じゃ	不，並不是那個意思
CLIP	401.055	403.075	僕は汽車が見たい	僕[ぼく]は汽車[きしゃ]が見[み]たい	我想看火車
CLIP	403.075	404.715	いいね汽車	いいね汽車[きしゃ]	好啊，火車
CLIP	404.715	405.915	ノーマンは	ノーマンは	諾曼呢？
CLIP	405.915	408.895	僕はいろんな場所に行って	僕[ぼく]はいろんな場所[ばしょ]に行っ[いっ]て	我想去各種地方
CLIP	408.895	411.235	見たことないものを見てみたいな	見[み]たことないものを見[み]てみたいな	想看看從未見過的事物
CLIP	411.235	413.295	いいねレイは	いいねレイは	好啊，雷說
CLIP	413.295	415.395	外に出たら	外[そと]に出[で]たら	如果出門的話
CLIP	415.395	419.015	まず生きていかなきゃな	まず生き[いき]ていかなきゃな	首先得活下去啊
CLIP	419.015	420.195	重いよレイ	重い[おもい]よレイ	雷，好重啊
CLIP	420.195	421.095	エマは	エマは	艾瑪說：
CLIP	421.095	421.835	私	私[わたし]	我
CLIP	421.835	423.915	キリンに乗りたいだろ	キリンに乗り[のり]たいだろ	想要騎長頸鹿吧
CLIP	423.915	425.195	そうだっけ	そうだっけ	是這樣嗎
CLIP	425.195	428.795	私は別に出て行きたくない	私[わたし]は別[べつ]に出[で]て行[い]きたくない	我其實不想離開
CLIP	428.795	431.055	ずっとここにいたい	ずっとここにいたい	一直想待在這裡
CLIP	431.055	432.875	なんかそれずるくない	なんかそれずるくない	那樣不會很狡猾嗎
CLIP	432.875	435.515	だって今幸せだしね	だって今[いま]幸[しあわ]せだしね	因為現在很幸福啊
CLIP	435.515	438.195	幸せか	幸[しあわ]せか	幸福嗎
CLIP	438.195	444.975	私書くね手紙いっぱい書くみんなのこと絶対忘れない	私[わたし]書[か]くね手紙[てがみ]いっぱい書[か]くみんなのこと絶対[ぜったい]忘[わす]れない	我會寫信，寫很多信，絕對不會忘記大家的事
CLIP	444.975	449.435	私ハウスを出たらママみたいなお母さんになるの	私[わたし]ハウスを出[で]たらママみたいなお母[かあ]さんになるの	我如果離開哈斯，就會變成像媽媽那樣的母親
CLIP	449.435	452.975	それでね絶対に子供を捨てたりしないの	それでね絶対[ぜったい]に子供[こども]を捨[す]てたりしないの	所以絕對不會拋棄孩子的
CLIP	452.975	456.075	コニーはママが大好きだもんね	コニーはママが大好き[だいすき]だもんね	康妮很喜歡媽媽呢
CLIP	456.075	461.935	私とろいしみんなみたいに優秀じゃなかったけど	私[わたし]とろいしみんなみたいに優秀[ゆうしゅう]じゃなかったけど	我動作慢，也不像大家那麼優秀，不過……
CLIP	461.935	466.515	ハウスを出ても頑張るこの子がいるから大丈夫	ハウスを出[で]ても頑張[がんば]るこの子[こ]がいるから大丈夫[だいじょうぶ]	即使離開哈斯，只要有這個孩子在就沒問題
CLIP	466.515	468.515	コニー	コニー	康妮
CLIP	468.515	470.735	やっぱり行きたくない	やっぱり行き[いき]たくない	還是不要去
CLIP	470.735	473.015	ここにいたいよ	ここにいたいよ	想留在這裡啊
CLIP	473.015	473.515	コニー	コニー	康妮
CLIP	473.515	474.955	コニー	コニー	康妮
CLIP	474.955	477.755	ママそれ何の歌	ママそれ何[なに]の歌[うた]	媽媽那是什麼歌
CLIP	477.755	479.915	コニー	コニー	康妮
CLIP	479.915	481.275	嘘でしょ	嘘[うそ]でしょ	不是在說謊吧
CLIP	481.275	483.475	早く掃除済ませようね	早[はや]く掃除[そうじ]済[す]ませようね	快點把清掃弄好吧
CLIP	483.475	486.100	それもう行っちゃったよ	それもう行[い]っちゃったよ	可是她已經走了喔
CLIP	486.100	486.650	コニー	コニー	康妮
CLIP	486.650	487.650	どうしよう	どうしよう	怎麼辦
CLIP	487.650	489.000	まだ間に合う	まだ間[ま]に合[あ]う	還來得及
CLIP	489.000	493.700	さっき窓から門に明かりがついてるのが見えた	さっき窓[まど]から門[もん]に明[あ]かりがついてるのが見[み]えた	剛才從窗戶看到大門那裡還亮著燈
CLIP	493.700	495.400	ママも戻ってきてないし	ママも戻[もど]ってきてないし	媽媽也還沒回來
CLIP	495.400	497.402	まだコニーは出発してないと思う	まだコニーは出発[しゅっぱつ]してないと思[おも]う	我想康妮應該還沒出發
CLIP	498.022	498.842	急ぐよエマ	急[いそ]ぐよエマ	快點，艾瑪
CLIP	498.842	499.562	うん	うん	嗯
CLIP	499.562	502.402	絶対に近寄ってはダメよ	絶対[ぜったい]に近寄[ちかよ]ってはダメよ	絕對不能靠近
CLIP	503.123	503.702	分かってる	分[わ]かってる	我知道
CLIP	503.702	505.822	後で一緒に叱られよ	後[あと]で一緒[いっしょ]に叱[しか]られよ	之後一起被罵吧
CLIP	505.822	507.562	コニー	コニー	康妮
CLIP	507.562	510.342	コニーが乗っていく車かな	コニーが乗[の]っていく車[くるま]かな	是康妮要坐的車嗎
CLIP	510.342	512.383	ていうか初めて見た車	ていうか初[はじ]めて見[み]た車[くるま]	說真的，是第一次看到的車
CLIP	512.383	514.202	誰もいない	誰[だれ]もいない	沒有人
CLIP	514.202	516.862	荷台に乗せておいたらわかるかな	荷台[にだい]に乗[の]せておいたらわかるかな	如果放在貨臺上會不會知道呢
CLIP	516.862	518.683	そうだね	そうだね	是啊
CLIP	518.683	521.082	（語音不清）	（語音不清）	（語音不清）
CLIP	521.082	523.543	おい今声がしなかったか	おい今[いま]声[こえ]がしなかったか	喂，剛才沒聽到聲音嗎
CLIP	523.543	524.783	気のせいだろ	気[き]のせいだろ	只是錯覺吧
CLIP	524.783	527.923	野良猫なら捕らえて食ったのに	野良猫[のらねこ]なら捕[と]らえて食[く]ったのに	如果是流浪貓的話本來可以抓住吃掉的
CLIP	527.923	530.803	お前猫なんて食うのかよ	お前[おまえ]猫[ねこ]なんて食[た]うのかよ	你竟然想吃貓嗎？
CLIP	530.803	532.482	うまそうだな	うまそうだな	看起來真好吃啊
CLIP	532.482	535.543	やっぱり人間の肉が一番だ	やっぱり人間[にんげん]の肉[にく]が一番[いちばん]だ	果然人肉是最棒的
CLIP	535.543	537.003	はい	はい	是
CLIP	537.003	538.222	くそ	くそ	該死
CLIP	538.222	540.362	指の先だけでもダメかな	指[ゆび]の先[さき]だけでもダメかな	連指尖都不行嗎？
CLIP	540.362	543.102	バカ大事な商品だぞ	バカ大事[だいじ]な商品[しょうひん]だぞ	這可是非常重要的商品喔
CLIP	543.102	545.803	俺たちごときに手の届く代物じゃない	俺[おれ]たちごときに手[て]の届[とど]く代物[しろもの]じゃない	不是我們這種人能夠觸及的東西
CLIP	545.803	551.003	この農園の人肉は全部金持ち向けの高級品なんだぜ	この農園[のうえん]の人肉[じんにく]は全部[ぜんぶ]金持[かねも]ち向[む]けの高級品[こうきゅうひん]なんだぜ	這個農園的人肉全是給有錢人吃的高階品
CLIP	551.003	553.222	ママ	ママ	媽媽
CLIP	553.222	556.202	グプナは大方終わりました	グプナは大方[おおかた]終[お]わりました	儀式大致完成了
CLIP	556.202	558.543	また6歳	また6歳[さい]	又是六歲
CLIP	558.543	562.862	このところ並の出荷が続いているが	このところ並[なみ]の出荷[しゅっか]が続[つづ]いているが	最近出貨的都是普通貨色
CLIP	562.862	565.883	ようやく上物以上収穫できるな	ようやく上物[じょうもの]以上[いじょう]収穫[しゅうかく]できるな	總算能收成上等以上的貨色了
CLIP	565.883	567.183	イザベラ	イザベラ	伊莎貝拉
CLIP	567.183	568.102	はい	はい	是
CLIP	568.102	571.503	このフルスコア3匹も出荷できるよう仕上げて	このフルスコア3匹[ひき]も出荷[しゅっか]できるよう仕上[しあ]げて	請把這個全分數的三隻也做好出貨
CLIP	571.503	573.683	かしこまりました	かしこまりました	明白了
CLIP	573.683	575.183	待て	待[ま]て	等一下
CLIP	575.183	577.663	何か匂う	何[なに]か匂[にお]う	有什麼氣味
CLIP	577.663	578.303	エマ	エマ	艾瑪
CLIP	578.303	581.383	ここは農園	ここは農園[のうえん]	這裡是農園
CLIP	581.383	583.402	私たちは	私[わたし]たちは	我們
CLIP	583.402	584.962	食料	食料[しょくりょう]	食物
CLIP	584.962	586.742	うん	うん	嗯
CLIP	586.742	588.143	違う	違[ちが]う	不對
CLIP	588.143	589.522	みんな	みんな	大家
CLIP	589.522	591.383	里子に	里子[さとご]に	給裡子
CLIP	591.383	592.622	ママ	ママ	媽媽
CLIP	592.622	595.562	いつもの優しいママだよね	いつもの優[やさ]しいママだよね	一如既往溫柔的媽媽對吧
CLIP	595.562	596.923	違うよね	違[ちが]うよね	不對吧
CLIP	596.923	600.082	あの子コニーじゃなかったよね	あの子[こ]コニーじゃなかったよね	那孩子不是康妮，對吧？
CLIP	600.082	602.742	あれはコニーだった	あれはコニーだった	那是康妮
CLIP	602.742	605.003	おかえりどうだった	おかえりどうだった	歡迎回來，感覺如何
CLIP	605.003	607.803	間に合わなかった	間[ま]に合[あ]わなかった	沒趕上
CLIP	607.803	613.003	私たちずっと食べられるために生きてきたの	私[わたし]たちずっと食[た]べられるために生き[いき]てきたの	我們一直活著是為了能夠一直吃
CLIP	613.003	615.383	逃げようエマ	逃[に]げようエマ	逃吧，艾瑪
CLIP	615.383	617.683	（語音不清）	（語音不清）	（語音不清）
CLIP	617.683	620.202	大丈夫きっと逃げられる	大丈夫[だいじょうぶ]きっと逃[に]げられる	沒問題，一定能逃脫
CLIP	620.202	622.683	エマとレイと僕三人なら	エマとレイと僕[ぼく]三[さん]人[にん]なら	如果有艾瑪、雷和我三個人
CLIP	622.683	624.322	無理なのかな	無理[むり]なのかな	會不會太勉強了？
CLIP	624.322	626.562	置いていけない	置[お]いていけない	不能把他丟下！
CLIP	626.562	629.683	ここに残せば確実に殺される	ここに残せ[のこせ]ば確実[かくじつ]に殺さ[ころさ]れる	如果留在這裡，肯定會被殺。
CLIP	629.683	633.783	これ以上家族が死ぬのは嫌だ	これ以上[いじょう]家族[かぞく]が死ぬ[しぬ]のは嫌[いや]だ	再也不想看到家人死去。
CLIP	633.783	635.022	無理じゃない	無理[むり]じゃない	沒那麼難。
CLIP	635.022	639.783	大丈夫逃げようみんなで一緒に	大丈夫[だいじょうぶ]逃げよ[にげよ]うみんなで一緒[いっしょ]に	沒問題，大家一起逃吧。
CLIP	639.783	645.283	どうやって私たち子供だけであんな化け物から	どうやって私[わたし]たち子供[こども]だけであんな化[ば]け物[もの]から	要怎麼逃？光靠我們這些孩子，要怎麼逃離那種怪物？
CLIP	645.283	648.462	戦略だ鬼ごっこと一緒	戦略[せんりゃく]だ鬼ごっこ[おにごっこ]と一緒[いっしょ]	這是和捉迷藏一樣的策略。
CLIP	648.462	651.622	そう見つけるんだよ	そう見つける[みつける]んだよ	就這樣找出來吧。
CLIP	651.622	653.342	僕らが生き残る方法を	僕ら[ぼくら]が生き残る[いきのこる]方法[ほうほう]を	我們活下去的方法
