SOURCE	The Promised Neverland - S01E07 - 011145 HDTV-1080p.condensed.mp3
DURATION	726.170
CLIP	0.000	3.000	手を組む	手[て]を組[く]む	握手
CLIP	3.000	6.300	みんな大丈夫だ問題ない	みんな大丈夫[だいじょうぶ]だ問題[もんだい]ない	大家都沒問題
CLIP	6.300	8.740	話を聞こう	話[はな]を聞[き]こう	我們來聽聽吧
CLIP	8.740	13.800	そうよお互いの目的のために協力しましょう	そうよお互[たが]いの目的[もくてき]のために協力[きょうりょく]しましょう	是的，為了彼此的目的一起合作吧
CLIP	13.800	16.360	あなたたちは脱走したい	あなたたちは脱走[だっそう]したい	你們想要逃脫
CLIP	16.360	20.000	私はこのハウスのママになりたい	私[わたし]はこのハウスのママになりたい	我想成為這個家的媽媽
CLIP	20.000	24.020	イザベラをママの座から引きずり下ろして	イザベラをママの座[ざ]から引[ひ]きずり下[お]ろして	把伊莎貝拉從媽媽的位子上拉下來
CLIP	24.020	26.660	その地位奪いたいのよ	その地位[ちい]奪[うば]いたいのよ	想奪走那個位置
CLIP	26.660	27.600	ママの座	ママの座[ざ]	媽媽的位子
CLIP	27.600	29.440	言っとくけど本心よ	言[い]っとくけど本心[ほんしん]よ	先說好，這是我的真心
CLIP	29.440	32.820	私も抜け出したいの今の境遇から	私[わたし]も抜[ぬ]け出[だ]したいの今[いま]の境遇[きょうぐう]から	我也想從現在的處境中脫身
CLIP	32.820	35.660	ここの管理システムをご存知	ここの管理[かんり]システムをご存知[ごぞんじ]	你知道這裡的管理系統嗎
CLIP	35.660	41.340	ある条件を満たして12歳まで生き残った女子には	ある条件[じょうけん]を満[み]たして12歳[さい]まで生[い]き残[のこ]った女子[じょし]には	對於符合條件、在12歲前存活下來的女孩
CLIP	41.340	44.720	出荷時2つの道が示される	出荷時[しゅっかじ]2つの道[みち]が示[しめ]される	出貨時會顯示兩條道路
CLIP	44.720	46.600	このまま死ぬか	このまま死[し]ぬか	就這樣死去嗎
CLIP	46.600	48.940	ママを目指すか	ママを目指[めざ]すか	要以成為媽媽為目標嗎
CLIP	48.940	49.900	条件って	条件[じょうけん]って	所謂條件是？
CLIP	49.900	53.120	一定以上の成績とママの推薦	一定以上[いっていいじょう]の成績[せいせき]とママの推薦[すいせん]	成績達到一定以上以及媽媽的推薦
CLIP	53.120	55.560	それらさえ手に入れれば	それらさえ手[て]に入[い]れれば	只要得到那些就行
CLIP	55.560	58.480	脱走しなくても生き延びることはできるのよ	脱走[だっそう]しなくても生[い]き延[の]びることはできるのよ	即使不逃跑也能活下去
CLIP	58.480	60.080	女子はね	女子[じょし]はね	女生啊
CLIP	60.080	61.720	女子	女子[じょし]	女生
CLIP	61.720	64.300	でもやめた方がいい	でもやめた方[ほう]がいい	但還是不要比較好
CLIP	64.300	68.120	二度と敷地の外へ出られない体になる	二度[にど]と敷地[しきち]の外[そと]へ出[で]られない体[からだ]になる	會變成再也無法離開領地的身體
CLIP	68.120	69.560	何それ	何[なに]それ	那是什麼
CLIP	69.560	71.080	チップが入ってる	チップが入[はい]ってる	裡面有晶片
CLIP	71.080	72.900	大人はね	大人[おとな]はね	大人啊
CLIP	72.900	75.300	一歩でも農園の外へ出たら	一歩[いっぽ]でも農園[のうえん]の外[そと]へ出[で]たら	只要一步踏出農園外
CLIP	75.300	77.280	これに電気を流されて	これに電気[でんき]を流[なが]されて	就會被這個通電
CLIP	77.280	79.620	心臓を止められちゃうの	心臓[しんぞう]を止[と]められちゃうの	心臟會被停止
CLIP	79.620	82.960	そしてこれは同時に	そしてこれは同時[どうじ]に	而且這同時也是
CLIP	82.960	85.340	何か別の要因で心臓が止まると	何[なに]か別[べつ]の要因[よういん]で心臓[しんぞう]が止[と]まると	如果因其他因素心臟停止時
CLIP	85.340	87.660	上に通報する送信機でもある	上[うえ]に通報[つうほう]する送信機[そうしんき]でもある	也是向上層通報的發射器
CLIP	87.660	91.480	やはり大人は殺せないってことか	やはり大人[おとな]は殺[ころ]せないってことか	果然大人是殺不掉的吧
CLIP	91.480	95.540	私は農園の中でしか生きられない	私[わたし]は農園[のうえん]の中[なか]でしか生[い]きられない	我只能在農園裡活著
CLIP	95.540	99.720	だからその中で一番いい暮らしがしたいのよ	だからその中[なか]で一番[いちばん]いい暮[く]らしがしたいのよ	所以想在裡面過最好的生活
CLIP	99.720	104.040	ママとして偽りでも人間の暮らしよ	ママとして偽り[いつわり]でも人間[にんげん]の暮らし[くらし]よ	即使是偽裝成媽媽，也要過人類的生活。
CLIP	104.040	107.720	そのためにはイザベラが邪魔なのよ	そのためにはイザベラが邪魔[じゃま]なのよ	為此，伊莎貝拉是個障礙。
CLIP	107.720	111.860	あなたたちが逃げれば奴が罪に問われるわ	あなたたちが逃げれ[にげれ]ば奴[やつ]が罪[つみ]に問わ[とわ]れるわ	如果你們逃走，那傢伙就會被追究罪責。
CLIP	111.860	115.180	私は邪魔しない	私[わたし]は邪魔[じゃま]しない	我不會妨礙。
CLIP	115.180	119.180	逃げなさいそれが私の利益になる	逃げ[にげ]なさいそれが私[わたし]の利益[りえき]になる	快逃吧，這對我有利。
CLIP	119.180	120.940	出荷しないの	出荷[しゅっか]しないの	不出貨。
CLIP	120.940	122.120	しないわ	しないわ	不會的。
CLIP	122.120	124.060	協力しましょう	協力[きょうりょく]しましょう	一起合作吧。
CLIP	124.060	125.640	組みましょう	組み[くみ]ましょう	一起組織吧。
CLIP	125.640	127.020	待って	待っ[まっ]て	等一下。
CLIP	127.020	131.040	一つだけシスターに確認させて	一つ[ひとつ]だけシスターに確認[かくにん]させて	只讓修女確認一下。
CLIP	131.040	131.680	何	何[なに]	什麼？
CLIP	131.680	135.680	あなたが私たちを裏切らない保証は	あなたが私[わたし]たちを裏切ら[うらぎら]ない保証[ほしょう]は	你不背叛我們的保證是？
CLIP	135.680	138.020	信用してくれないのね	信用[しんよう]してくれないのね	你不相信我啊。
CLIP	138.020	138.740	いいから	いいから	沒關係，說吧。
CLIP	138.740	140.340	レイよ	レイよ	雷。
CLIP	140.340	142.820	レイがこのことをママにちくれば	レイがこのことをママにちくれば	如果雷把這件事告訴媽媽，
CLIP	142.820	144.340	私を潰せる	私[わたし]を潰せる[つぶせる]	我就能被打倒。
CLIP	144.340	150.320	でもレイが二重スパイだってことを私がちくれば私はレイをつぶせるわ	でもレイが二[に]重[じゅう]スパイだってことを私[わたし]がちくれば私[わたし]はレイをつぶせるわ	可是，只要我告發雷是雙面間諜，我就能毀了他。
CLIP	150.320	154.700	だからお互い裏切らないし裏切れない	だからお互い[おたがい]裏切ら[うらぎら]ないし裏切れ[うらぎれ]ない	所以我們誰也不會背叛對方，也不能背叛。
CLIP	154.700	156.800	これでいいでしょ	これでいいでしょ	這樣可以了吧？
CLIP	156.800	157.840	分かった	分かっ[わかっ]た	我知道了。
CLIP	157.840	160.240	交渉成立ね	交渉[こうしょう]成立[せいりつ]ね	那就成交了。
CLIP	160.240	164.380	他にも私にしか教えられない情報	他[た]にも私[わたし]にしか教え[おしえ]られない情報[じょうほう]	還有其他只有我能告訴你們的情報。
CLIP	164.380	166.380	何でも教えてあげる	何[なに]でも教え[おしえ]てあげる	你們想知道什麼，我都可以告訴你們。
CLIP	166.380	168.060	友好の証よ	友好[ゆうこう]の証[あかし]よ	這是友好的證明。
CLIP	168.060	172.000	今夜にでも私の部屋にいらっしゃいな	今夜[こんや]にでも私[わたし]の部屋[へや]にいらっしゃいな	今晚就來我房間吧。
CLIP	172.000	174.820	いい暮らしがしたいだって	いい暮らし[くらし]がしたいだって	竟然說想過好日子。
CLIP	174.820	176.220	自分だってそうだったのに	自分[じぶん]だってそうだったのに	明明她自己以前也是這樣。
CLIP	176.220	181.442	あの人私たちの命なんて本当に何とも思ってない	あの人[ひと]私[わたし]たちの命[いのち]なんて本当に[ほんとうに]何とも[なんとも]思っ[おもっ]てない	那個人真的完全不在乎我們的命。
CLIP	181.442	183.282	で出荷はしないって	で出荷[しゅっか]はしないって	那她說不會把我們出貨呢？
CLIP	183.282	186.343	しないんじゃないできないだけだ	しないんじゃないできないだけだ	不是不會，只是辦不到。
CLIP	186.343	187.542	本当に逃がしたいなら	本当に[ほんとうに]逃がし[にがし]たいなら	如果真的想讓我們逃走，
CLIP	187.542	190.143	然るべき時に黙って手を貸せばいい	然るべき[しかるべき]時[とき]に黙っ[だまっ]て手[て]を貸せ[かせ]ばいい	在適當的時候默默幫忙就好了。
CLIP	190.143	192.762	手の内をベラベラ喋るのは	手の内[てのうち]をベラベラ喋る[しゃべる]のは	會把自己的底牌說個不停，
CLIP	192.762	194.942	僕らの信用をつかみたいから	僕ら[ぼくら]の信用[しんよう]をつかみたいから	是因為想取得我們的信任。
CLIP	194.942	197.243	なんで俺たちの信用を	なんで俺[おれ]たちの信用[しんよう]を	為什麼要取得我們的信任？
CLIP	197.243	200.862	僕らの反逆を示す物証が欲しい	僕ら[ぼくら]の反逆[はんぎゃく]を示す[しめす]物証[ぶっしょう]が欲しい[ほしい]	她想要能證明我們反抗的物證。
CLIP	200.862	204.482	言い換えれば確実な物証がなければ	言い換えれ[いいかえれ]ば確実[かくじつ]な物証[ぶっしょう]がなければ	換句話說，沒有確實的物證，
CLIP	204.482	206.642	上に信用してもらえない立場にいる	上[うえ]に信用[しんよう]してもらえない立場[たちば]にいる	她就無法取得上面的信任。
CLIP	206.642	210.782	ママと違って出荷する権限すらないんだろ	ママと違っ[ちがっ]て出荷[しゅっか]する権限[けんげん]すらないんだろ	她跟媽媽不同，恐怕連出貨的許可權都沒有。
CLIP	210.782	211.702	物証	物証[ぶっしょう]	物證……
CLIP	211.702	212.843	おい	おい	喂。
CLIP	212.843	215.822	もし木に隠したロープが見つかったら	もし木[き]に隠し[かくし]たロープが見つかっ[みつかっ]たら	要是藏在樹上的繩子被發現了呢？
CLIP	215.822	216.582	大丈夫	大丈夫[だいじょうぶ]	沒事的。
CLIP	216.582	219.302	ロープなんて何とでも言い逃れできるよ	ロープなんて何[なに]とでも言い逃れ[いいのがれ]できるよ	繩子的用途，要怎麼解釋都行。
CLIP	219.302	220.922	遊びで使うとかね	遊び[あそび]で使う[つかう]とかね	像是拿來玩之類的。
CLIP	220.922	224.222	でも発信機壊す装置が見つかったら	でも発信[はっしん]機[き]壊す[こわす]装置[そうち]が見つかっ[みつかっ]たら	可是，要是破壞發信器的裝置被發現，
CLIP	224.222	225.262	即アウトだな	即[そく]アウトだな	就立刻完蛋了。
CLIP	225.262	228.843	言い逃れできない確実な物証だ	言い逃れ[いいのがれ]できない確実[かくじつ]な物証[ぶっしょう]だ	那可是無法辯解的確切物證。
CLIP	228.843	231.442	心配するな	心配[しんぱい]するな	別擔心。
CLIP	231.442	233.062	そんなヘマはしない	そんなヘマはしない	我不會犯那種錯。
CLIP	233.062	235.602	だいたいまだ完成してないしな	だいたいまだ完成[かんせい]してないしな	再說，東西還沒完成呢。
CLIP	235.602	240.743	僕らは発信機の場所も壊し方も知らないって思わせておけば問題ない	僕ら[ぼくら]は発信[はっしん]機[き]の場所[ばしょ]も壊し[こわし]方[かた]も知ら[しら]ないって思わ[おもわ]せておけば問題[もんだい]ない	只要讓她以為我們不知道發信器的位置，也不知道破壞方法，就沒問題。
CLIP	240.743	245.542	あのシスターなら誘導次第ですぐに信じ込んでくれるよ	あのシスターなら誘導[ゆうどう]次第[しだい]ですぐに信じ込ん[しんじこん]でくれるよ	那個修女，只要稍微引導一下，很快就會相信了。
CLIP	245.542	247.123	本当に行くの?	本当に[ほんとうに]行く[いく]の?	真的要去嗎？
CLIP	248.123	250.142	相手あのシスターだよ	相手[あいて]あのシスターだよ	對方可是那個修女耶。
CLIP	250.142	253.463	何でも教えてくれるって聞こえはいいけど	何[なに]でも教え[おしえ]てくれるって聞こえ[きこえ]はいいけど	說什麼都願意告訴我們，聽起來是很好。
CLIP	253.463	255.922	つか何であいつと組むんだよ	つか何で[なんで]あいつと組む[くむ]んだよ	話說，為什麼要跟她合作啊？
CLIP	255.922	257.642	俺たちにメリットあるのか	俺[おれ]たちにメリットあるのか	對我們有什麼好處嗎？
CLIP	257.642	261.642	うまく使えば何か情報を手に入れられるかもしれないし	うまく使え[つかえ]ば何[なに]か情報[じょうほう]を手[て]に入れ[いれ]られるかもしれないし	運用得好的話，說不定能得到一些情報。
CLIP	261.642	266.942	余計な邪魔をされずに済むこれで下見に集中できるよ	余計[よけい]な邪魔[じゃま]をされずに済む[すむ]これで下見[したみ]に集中[しゅうちゅう]できるよ	也能省去她多餘的幹擾，這樣就能專心勘查了。
CLIP	266.942	272.183	大丈夫使えるチャンスは全て使わないと	大丈夫[だいじょうぶ]使える[つかえる]チャンスは全て[すべて]使わ[つかわ]ないと	放心，能利用的機會都得利用才行。
CLIP	272.183	274.423	レイちょっといいかな	レイちょっといいかな	雷，可以耽誤你一下嗎？
CLIP	274.423	276.923	下見の段取りを相談しておきたい	下見[したみ]の段取り[だんどり]を相談[そうだん]しておきたい	我想先跟你商量勘查的安排。
CLIP	276.923	278.623	ああ	ああ	好。
CLIP	278.623	281.042	二人にお願いがあるんだけど	二人[ふたり]にお願い[おねがい]があるんだけど	有件事想拜託你們兩個。
CLIP	281.042	283.102	何が知りたい?	何[なに]が知り[しり]たい?	想知道什麼？
CLIP	283.662	285.262	ほら何でも聞いて	ほら何[なに]でも聞い[きい]て	來，儘管問。
CLIP	285.262	286.623	本当に何でも	本当に[ほんとうに]何[なに]でも	真的什麼都可以？
CLIP	286.623	291.042	ええ農園のことでも本部のことでも	ええ農園[のうえん]のことでも本部[ほんぶ]のことでも	對，農場的事、總部的事都可以。
CLIP	291.042	292.262	じゃあ	じゃあ	那麼，
CLIP	292.262	293.442	あれ見せて	あれ見せ[みせ]て	讓我們看看那個。
CLIP	293.442	296.423	発信機の信号を確認するモニター	発信[はっしん]機[き]の信号[しんごう]を確認[かくにん]するモニター	確認發信器訊號的監視器。
CLIP	296.423	299.602	ええどうぞ	ええどうぞ	好，拿去吧。
CLIP	299.602	302.402	どうシンプルでしょ	どうシンプルでしょ	怎麼樣，很簡單吧？
CLIP	302.402	306.322	現在地だけで個人の特定はできないの	現在地[げんざいち]だけで個人[こじん]の特定[とくてい]はできないの	只能顯示現在的位置，不能辨認個人。
CLIP	306.322	309.482	発信機があることは知ってたのね	発信[はっしん]機[き]があることは知っ[しっ]てたのね	你們已經知道有發信器了啊。
CLIP	309.482	312.062	ええママに見せられて	ええママに見せ[みせ]られて	對，媽媽給我們看過。
CLIP	312.062	315.602	でもその場所と壊し方が分からない	でもその場所[ばしょ]と壊し[こわし]方[かた]が分から[わから]ない	可是我們不知道位置，也不知道怎麼破壞。
CLIP	315.602	317.062	シスターは知ってる?	シスターは知っ[しっ]てる?	修女知道嗎？
CLIP	317.722	319.762	ええ場所は耳よ	ええ場所[ばしょ]は耳[みみ]よ	知道，在耳朵裡。
CLIP	319.762	322.683	左耳この辺り	左[ひだり]耳[みみ]この辺り[あたり]	左耳，大概這裡。
CLIP	322.683	324.322	壊し方は知らないわ	壊し[こわし]方[かた]は知ら[しら]ないわ	我不知道怎麼破壞。
CLIP	324.322	326.442	でも壊すと通知される	でも壊す[こわす]と通知[つうち]される	不過一旦破壞，就會發出通知。
CLIP	326.442	329.542	そこにも本部にも	そこにも本部[ほんぶ]にも	這個監視器和總部都會收到。
CLIP	329.542	331.243	取り出すしかないわ	取り出す[とりだす]しかないわ	只能取出來了。
CLIP	331.243	332.962	もしくは切り落とすか	もしくは切り落とす[きりおとす]か	或者把耳朵切掉。
CLIP	332.962	335.882	でもハウスにはろくな刃物がない	でもハウスにはろくな刃物[はもの]がない	可是屋裡沒有什麼像樣的刀具。
CLIP	335.882	337.882	メスがあるわ 医療用メス	メスがあるわ 医療[いりょう]用[よう]メス	有手術刀，醫療用的手術刀。
CLIP	338.423	340.423	外へ出たら薬もない	外[そと]へ出[で]たら薬[くすり]もない	到了外面也沒有藥。
CLIP	340.423	343.762	出て行く時から出血や感染症のリスクまで負いたくない	出[で]て行く[いく]時[とき]から出血[しゅっけつ]や感染[かんせん]症[しょう]のリスクまで負い[おい]たくない	我們不想才剛離開，就承擔失血或感染的風險。
CLIP	343.762	347.423	医務室には薬も道具も備えてある	医務[いむ]室[しつ]には薬[くすり]も道具[どうぐ]も備え[そなえ]てある	醫務室裡有藥，也有工具。
CLIP	347.423	349.002	麻酔もね	麻酔[ますい]もね	麻醉藥也有。
CLIP	349.002	350.363	まあ	まあ	嗯，
CLIP	350.363	353.142	5人くらいなら足りるでしょ	5人[にん]くらいなら足りる[たりる]でしょ	五個人的份應該還夠。
CLIP	353.142	355.303	使い方も教えてあげる	使い方[つかいかた]も教え[おしえ]てあげる	我也可以教你們怎麼用。
CLIP	355.303	357.303	鍵も貸してあげる	鍵[かぎ]も貸し[かし]てあげる	鑰匙也可以借給你們。
CLIP	357.303	359.022	これで解決	これで解決[かいけつ]	這樣就解決了。
CLIP	359.022	361.002	さっ次はシスター	さっ次[つぎ]はシスター	那接下來，修女，
CLIP	361.002	361.803	今いくつ	今[いま]いくつ	妳現在幾歲？
CLIP	361.803	364.505	生まれた時から家畜なの?	生まれ[うまれ]た時[とき]から家畜[かちく]なの?	妳從出生起就是家畜嗎？
CLIP	364.505	365.445	ふんふん…	ふんふん…	嗯嗯……
CLIP	365.445	369.085	大人の女性に年齢を聞くなんて…	大人[おとな]の女性[じょせい]に年齢[ねんれい]を聞く[きく]なんて…	居然問成年女性的年紀……
CLIP	369.085	371.085	と 言いたいところだけど…	と 言い[いい]たいところだけど…	雖然我很想這麼說……
CLIP	372.085	376.085	26よ 生まれも育ちもこのハウス	26よ 生まれ[うまれ]も育ち[そだち]もこのハウス	二十六歲。我從出生到長大都在這種家裡。
CLIP	376.085	378.085	ここ 第三プラントじゃないけどね	ここ 第[だい]三[さん]プラントじゃないけどね	不過不是這裡的第三農場。
CLIP	378.085	379.085	第三プラント?	第[だい]三[さん]プラント?	第三農場？
CLIP	379.085	384.085	ちなみにイザベラは31歳 そう記録で見たわ	ちなみにイザベラは31歳[さい] そう記録[きろく]で見[み]たわ	順帶一提，伊莎貝拉三十一歲。我在紀錄上看過。
CLIP	384.085	386.085	外は? 見たことあるんでしょ?	外[そと]は? 見[み]たことあるんでしょ?	外面呢？妳看過吧？
CLIP	386.085	387.085	ないわ	ないわ	沒有。
CLIP	388.085	391.025	あら、嘘でもあるって言うと思った?	あら、嘘[うそ]でもあるって言う[いう]と思っ[おもっ]た?	哎呀，你以為我就算說謊，也會說有嗎？
CLIP	391.965	393.205	ないわよ	ないわよ	真的沒有。
CLIP	393.205	396.425	でも外に人間はいる	でも外[そと]に人間[にんげん]はいる	不過外面有人類。
CLIP	396.425	400.305	あなたたちの食料は上と私たちで作っている	あなたたちの食料[しょくりょう]は上[うえ]と私[わたし]たちで作っ[つくっ]ている	你們的食物是上面和我們種出來的。
CLIP	400.305	404.845	でも服や道具は外から運んでくる人間がいるのよ	でも服[ふく]や道具[どうぐ]は外[そと]から運ん[はこん]でくる人間[にんげん]がいるのよ	但衣服和工具，是由外面的人類運進來的。
CLIP	404.845	407.445	一度だけ本部で見たわ	一[いち]度[ど]だけ本部[ほんぶ]で見[み]たわ	我曾在總部見過一次。
CLIP	407.445	411.265	その人間たちは奴らと対等だった	その人間[にんげん]たちは奴ら[やつら]と対等[たいとう]だった	那些人類跟那些傢伙地位平等。
CLIP	411.265	414.445	食われてない人間も外にはいる	食わ[くわ]れてない人間[にんげん]も外[そと]にはいる	外面也有不會被吃掉的人類。
CLIP	414.445	416.325	そこに紛れなさい	そこに紛れ[まぎれ]なさい	混進他們之中吧。
CLIP	416.325	422.725	じゃあシスターは鬼がいつからいるとか	じゃあシスターは鬼[おに]がいつからいるとか	那修女知道鬼是從什麼時候開始存在的嗎？
CLIP	422.725	425.645	鬼?ああ奴らのことね	鬼[おに]?ああ奴ら[やつら]のことね	鬼？啊，你說那些傢伙啊。
CLIP	425.645	429.705	世界がどうしてこうなったとか知らないの?	世界[せかい]がどうしてこうなったとか知ら[しら]ないの?	妳不知道世界為什麼變成這樣嗎？
CLIP	430.125	430.825	知らないわ	知ら[しら]ないわ	不知道。
CLIP	430.825	433.425	このハウスはどこにあるの?	このハウスはどこにあるの?	這個家位於哪裡？
CLIP	433.625	434.305	知らない	知ら[しら]ない	不知道。
CLIP	434.305	435.905	周辺のセキュリティは?	周辺[しゅうへん]のセキュリティは?	周圍的警備呢？
CLIP	436.145	438.665	それは知ってる大したことないわ	それは知っ[しっ]てる大した[たいした]ことないわ	這個我知道，沒什麼了不起的。
CLIP	438.665	442.165	発信機に頼ってろくな人数配置してないし	発信[はっしん]機[き]に頼っ[たよっ]てろくな人数[にんずう]配置[はいち]してないし	他們仰賴發信器，根本沒安排多少人。
CLIP	442.165	444.565	巡回すらしていないはずよ	巡回[じゅんかい]すらしていないはずよ	應該連巡邏都沒有。
CLIP	444.565	445.925	ありがとうございました	ありがとうございました	謝謝妳。
CLIP	445.925	447.785	もういいの	もういいの	已經問完了嗎？
CLIP	447.785	448.845	はい	はい	是的。
CLIP	448.845	450.805	おやすみなさい	おやすみなさい	晚安。
CLIP	450.805	455.225	そう発信機の場所も壊し方も突き止めてたの	そう発信[はっしん]機[き]の場所[ばしょ]も壊し[こわし]方[かた]も突き止め[つきとめ]てたの	原來如此，你們已經查出發信器的位置和破壞方法了啊。
CLIP	455.225	457.225	やるじゃない	やるじゃない	挺能幹的嘛。
CLIP	457.225	458.745	なるほどね	なるほどね	原來如此。
CLIP	458.745	461.165	いろいろとよくわかったわ	いろいろとよくわかったわ	我明白了不少事情呢。
CLIP	461.165	464.385	言葉だけじゃないのよ	言葉[ことば]だけじゃないのよ	情報可不只有語言而已。
CLIP	464.385	465.425	情報は	情報[じょうほう]は	所謂的情報……
CLIP	465.425	466.865	人間はね	人間[にんげん]はね	人類啊，
CLIP	466.865	468.605	その場に立っているだけで	その場[ば]に立っ[たっ]ているだけで	光是站在那裡，
CLIP	468.605	470.425	情報の塊なの	情報[じょうほう]の塊[かたまり]なの	就是一大堆情報。
CLIP	470.425	471.545	態度	態度[たいど]	態度、
CLIP	471.545	472.485	目線	目線[めせん]	視線、
CLIP	472.485	473.705	瞬き	瞬き[まばたき]	眨眼、
CLIP	473.705	474.145	汗	汗[あせ]	汗水、
CLIP	474.145	475.105	しぐさ	しぐさ	動作，
CLIP	475.105	479.885	瞳孔、脈拍、全てが相手を探るヒントなのよ	瞳孔[どうこう]、脈拍[みゃくはく]、全て[すべて]が相手[あいて]を探る[さぐる]ヒントなのよ	瞳孔、脈搏，全都是探查對方的線索。
CLIP	479.885	484.505	なのに、あなたたちと来たら耳にあるってわかったのに	なのに、あなたたちと来[き]たら耳[みみ]にあるってわかったのに	可是你們啊，明明知道東西在耳朵裡，
CLIP	484.505	486.665	触って確かめようとすらしないし	触っ[さわっ]て確かめよ[たしかめよ]うとすらしないし	卻連摸一下確認都沒有。
CLIP	486.665	489.025	取り出せる段取りついたってのに	取り出せる[とりだせる]段取り[だんどり]ついたってのに	明明已經安排好取出的方法，
CLIP	489.025	491.265	全然嬉しそうにしてないんだもの	全然[ぜんぜん]嬉し[うれし]そうにしてないんだもの	也完全沒有高興的樣子。
CLIP	491.265	498.345	ねえ、なぜわざわざ聞く必要のない発信機について聞いたの	ねえ、なぜわざわざ聞く[きく]必要[ひつよう]のない発信[はっしん]機[き]について聞い[きい]たの	欸，為什麼要特地問那些根本不需要問的發信器問題呢？
CLIP	498.345	501.805	私に何か隠したい	私[わたし]に何[なに]か隠し[かくし]たい	你們想對我隱瞞什麼？
CLIP	501.805	505.165	内緒にしたいことでもあるのかしら	内緒[ないしょ]にしたいことでもあるのかしら	難道有什麼不想讓我知道的事？
CLIP	505.165	506.305	まあいいわ	まあいいわ	算了。
CLIP	506.305	507.945	あの方って知ってる?	あの方[かた]って知っ[しっ]てる?	你們知道「那一位」嗎？
CLIP	508.885	509.985	知らないわね	知ら[しら]ないわね	不知道吧。
CLIP	509.985	511.645	知りたいでしょ	知り[しり]たいでしょ	想知道吧？
CLIP	511.645	515.185	次来た時教えてあげる	次[つぎ]来[き]た時[とき]教え[おしえ]てあげる	下次來的時候再告訴你們。
CLIP	515.185	517.605	またいつでもいらっしゃい	またいつでもいらっしゃい	隨時歡迎再來。
CLIP	517.605	520.105	今日よりもっとお話ししましょう	今日[きょう]よりもっとお話し[おはなし]しましょう	下次聊得比今天更多吧。
CLIP	520.105	521.505	ママ	ママ	媽媽。
CLIP	521.505	523.005	へえ	へえ	喔。
CLIP	523.005	525.625	最初は何も写ってないんだ	最初[さいしょ]は何[なに]も写っ[うつっ]てないんだ	原來一開始什麼都沒拍到啊。
CLIP	525.625	528.225	最後の報酬がカメラね	最後[さいご]の報酬[ほうしゅう]がカメラね	最後的報酬是相機啊。
CLIP	528.225	530.545	写真って現象に興味があったんだ	写真[しゃしん]って現象[げんしょう]に興味[きょうみ]があったんだ	我對照片這種現象很感興趣。
CLIP	530.545	534.345	写真もカメラも本でしか見たことなかったし	写真[しゃしん]もカメラも本[ほん]でしか見[み]たことなかったし	畢竟照片和相機都只在書上看過。
CLIP	534.345	538.085	欲を言えば現像まで自分でしたかった	欲[よく]を言え[いえ]ば現像[げんぞう]まで自分[じぶん]でしたかった	如果能再貪心一點，我還想自己沖洗照片。
CLIP	538.085	544.005	すごいな本当に時間を切り取ったみたいだ	すごいな本当に[ほんとうに]時間[じかん]を切り取っ[きりとっ]たみたいだ	真厲害，好像真的把時間擷取下來一樣。
CLIP	544.005	547.487	例の件だけど昼飯の後でいい?	例[れい]の件[けん]だけど昼飯[ひるめし]の後[のち]でいい?	關於那件事，午餐後可以嗎？
CLIP	547.487	549.867	ええいいわよ	ええいいわよ	嗯，可以啊。
CLIP	549.867	553.347	さてそろそろ頃合いかしら	さてそろそろ頃合[ころあい]いかしら	好了，差不多是時候了吧。
CLIP	553.347	554.788	確認するぞ	確認[かくにん]するぞ	再確認一次。
CLIP	554.788	558.168	昼飯の後自由時間に入ったら	昼飯[ひるめし]の後[のち]自由[じゆう]時間[じかん]に入っ[はいっ]たら	午餐過後，開始自由活動時間時，
CLIP	558.168	559.628	俺がママを引きつける	俺[おれ]がママを引きつける[ひきつける]	我來牽制媽媽。
CLIP	559.628	562.788	ノーマンとエマは塀に登って下見	ノーマンとエマは塀[へい]に登っ[のぼっ]て下見[したみ]	諾曼和艾瑪爬上圍牆勘查。
CLIP	562.788	566.148	ドンとギルダは外からハウス2階の	ドンとギルダは外[そと]からハウス2階[かい]の	唐和吉爾達待在屋外，
CLIP	566.148	567.688	南窓が見える位置にいろ	南[みなみ]窓[まど]が見える[みえる]位置[いち]にいろ	能看見二樓南側窗戶的位置。
CLIP	567.688	573.087	万一俺がママを引きつけられなかったら合図する	万一[まんいち]俺[おれ]がママを引き[ひき]つけられなかったら合図[あいず]する	萬一我沒辦法牽制住媽媽，就會發出訊號。
CLIP	573.087	576.967	エマたちに伝えて速攻で下見中止させろ	エマたちに伝え[つたえ]て速攻[そっこう]で下見[したみ]中止[ちゅうし]させろ	通知艾瑪他們，立刻中止勘查。
CLIP	576.967	581.308	決行日までは6日だが究極次の1月	決行日[けっこうび]までは6日[むいか]だが究極[きゅうきょく]次[つぎ]の1月[がつ]	距離行動日還有六天，不過最晚到明年一月，
CLIP	581.308	585.087	俺の満期出荷まで2ヶ月半の時間がある	俺[おれ]の満期[まんき]出荷[しゅっか]まで2ヶ月[かげつ]半[はん]の時間[じかん]がある	離我到期出貨還有兩個半月。
CLIP	585.087	587.587	何かあれば下見は即中止	何[なに]かあれば下見[したみ]は即[そく]中止[ちゅうし]	只要出任何狀況，就立刻中止勘查。
CLIP	587.587	591.707	あくまで水面下制御可能を装うんだ	あくまで水面[すいめん]下[か]制御[せいぎょ]可能[かのう]を装う[よそおう]んだ	一切都要暗中進行，裝出仍然能被控制的樣子。
CLIP	591.707	596.008	ドン遊んで遊んで（語音不清）	ドン遊ん[あそん]で遊ん[あそん]で（語音不清）	唐，陪我們玩、陪我們玩！（語音不清）
CLIP	596.008	598.388	よーし鬼ごっこだ	よーし鬼ごっこ[おにごっこ]だ	好，來玩鬼抓人！
CLIP	598.388	601.087	レイちょっといい	レイちょっといい	雷，等一下。
CLIP	601.087	604.548	発信機壊せるをシスターにつかまれた	発信[はっしん]機[き]壊せる[こわせる]をシスターにつかまれた	修女發現我們能破壞發信器了。
CLIP	604.548	607.148	決行日を早めたい	決行[けっこう]日[び]を早め[はやめ]たい	我想把行動日提前。
CLIP	607.148	609.428	発信機はいつ壊せる	発信[はっしん]機[き]はいつ壊せる[こわせる]	什麼時候能破壞發信器？
CLIP	609.428	610.947	いきなり何	いきなり何[なに]	怎麼突然這麼說？
CLIP	610.947	614.548	これで最後のパーツが揃った	これで最後[さいご]のパーツが揃っ[そろっ]た	有了這個，最後的零件就齊了。
CLIP	614.548	616.788	もういつでも壊せる	もういつでも壊せる[こわせる]	隨時都能破壞。
CLIP	616.788	618.188	変な顔	変[へん]な顔[かお]	表情真怪。
CLIP	618.188	619.508	ひどい	ひどい	好過分。
CLIP	619.508	622.808	これはまさに諸刃の剣だね	これはまさに諸刃[もろは]の剣[けん]だね	這真是一把雙面刃。
CLIP	622.808	626.408	僕らが発信機を壊して脱走するのが先か	僕ら[ぼくら]が発信[はっしん]機[き]を壊し[こわし]て脱走[だっそう]するのが先[さき]か	究竟是我們先破壞發信器逃出去，
CLIP	626.408	629.788	それともシスターがこの物証をつかんで	それともシスターがこの物証[ぶっしょう]をつかんで	還是修女先取得這個物證，
CLIP	629.788	631.428	僕らを突き出すのが先か	僕ら[ぼくら]を突き出す[つきだす]のが先[さき]か	把我們交出去呢？
CLIP	631.428	635.508	大丈夫手は打ってある	大丈夫[だいじょうぶ]手[しゅ]は打っ[うっ]てある	沒事，我已經安排好了。
CLIP	635.508	641.207	ねえあの子たちどうして知らないふりしたのかしら	ねえあの子[こ]たちどうして知ら[しら]ないふりしたのかしら	欸，那些孩子為什麼要裝作不知道呢？
CLIP	641.207	645.648	本当は発信機の場所も壊し方も知ってるのに	本当は[ほんとうは]発信[はっしん]機[き]の場所[ばしょ]も壊し[こわし]方[かた]も知っ[しっ]てるのに	明明已經知道發信器的位置和破壞方法了。
CLIP	645.648	649.027	そもそもどうやって知ったのかしら	そもそもどうやって知っ[しっ]たのかしら	話說，他們到底是怎麼知道的？
CLIP	649.027	652.408	っていうかどうやって壊すの	っていうかどうやって壊す[こわす]の	應該說，到底要怎麼破壞？
CLIP	652.408	655.967	専用の道具でも使うのかしら	専用[せんよう]の道具[どうぐ]でも使う[つかう]のかしら	難道要用什麼專門的工具？
CLIP	655.967	658.408	まさかそういうの作ったの	まさかそういうの作っ[つくっ]たの	難不成他們做出那種東西了？
CLIP	658.408	662.207	ならそれが確たる証拠になったりする	ならそれが確たる[かくたる]証拠[しょうこ]になったりする	那東西或許就能成為確切的證據。
CLIP	662.207	665.288	だから恐れて嘘をついたの	だから恐れ[おそれ]て嘘[うそ]をついたの	所以他們害怕了，才會說謊嗎？
CLIP	665.288	669.188	だとしたらガサ入れね	だとしたらガサ入れ[いれ]ね	既然如此，就得搜查一下了。
CLIP	669.188	675.487	今がチャンス	今[いま]がチャンス	現在就是機會。
CLIP	675.487	677.348	何してるの	何[なに]してるの	妳在做什麼？
CLIP	677.348	679.688	ちょっと床のお掃除	ちょっと床[ゆか]のお掃除[そうじ]	稍微打掃一下地板。
CLIP	679.688	684.747	あった	あった	找到了。
CLIP	684.747	686.768	本当だ	本当[ほんとう]だ	是真的。
CLIP	686.768	689.348	これは本当に事実なんだ	これは本当に[ほんとうに]事実[じじつ]なんだ	這件事竟然真的是真的。
CLIP	689.348	693.048	思いがけずゲットしちゃった	思いがけ[おもいがけ]ずゲットしちゃった	沒想到竟然讓我拿到了。
CLIP	693.048	695.348	イザベラの二つ目の弱み	イザベラの二つ[ふたつ]目[め]の弱み[よわみ]	伊莎貝拉的第二個弱點。
CLIP	695.348	699.327	さあどう料理する	さあどう料理[りょうり]する	好了，要怎麼利用呢？
CLIP	699.327	701.027	このメモを見せて	このメモを見せ[みせ]て	拿出這張紙條，
CLIP	701.027	703.447	グランマあたりに直訴できれば	グランマあたりに直訴[じきそ]できれば	如果能直接向祖母之類的人告發，
CLIP	703.447	704.628	イザベラを落として	イザベラを落とし[おとし]て	是不是就能扳倒伊莎貝拉，
CLIP	704.628	706.908	ママの座をゲットできるかしら	ママの座[ざ]をゲットできるかしら	拿到媽媽的位置呢？
CLIP	706.908	710.548	ガキどもも無条件で出荷できるわね	ガキどもも無条件[むじょうけん]で出荷[しゅっか]できるわね	那些小鬼也能無條件出貨了。
CLIP	710.548	712.247	でもなぜ	でもなぜ	可是，為什麼？
CLIP	712.247	714.867	レイはなぜこれを知ってるの	レイはなぜこれを知っ[しっ]てるの	雷為什麼會知道這件事？
CLIP	714.867	718.628	イザベラでさえ本来知らないことなのに	イザベラでさえ本来[ほんらい]知ら[しら]ないことなのに	明明這是連伊莎貝拉原本也不該知道的事。
CLIP	718.628	719.848	本部からよ	本部[ほんぶ]からよ	總部寄來的。
CLIP	719.848	721.688	開けてごらんなさい	開け[あけ]てごらんなさい	開啟看看吧。
CLIP	721.688	724.067	残念だけどそういうことね	残念[ざんねん]だけどそういうことね	很遺憾，就是這麼回事。
CLIP	724.067	726.148	さようなら	さようなら	再見。
