SOURCE	The Promised Neverland - S01E10 - Episode 10 HDTV-1080p.condensed.mp3
DURATION	628.850
CLIP	0.000	2.000	崖だったよ	崖[がけ]だったよ	是懸崖。
CLIP	2.000	3.200	崖?	崖[がけ]?	懸崖？
CLIP	3.760	6.020	とても飛び降りられる高さではなかった	とても飛び降り[とびおり]られる高[たか]さではなかった	那種高度，根本不可能跳下去。
CLIP	6.020	8.900	シスターは嘘をついていなかったし	シスターは嘘[うそ]をついていなかったし	修女沒有說謊，
CLIP	8.900	11.160	鬼も僕らをなめてはいなかった	鬼[おに]も僕ら[ぼくら]をなめてはいなかった	鬼也沒有小看我們。
CLIP	11.160	15.180	あの崖では警備の必要がないんだ	あの崖[がけ]では警備[けいび]の必要[ひつよう]がないんだ	有那道懸崖，就不需要警備了。
CLIP	15.180	18.000	塀からは逃げられないってこと?	塀[へい]からは逃げ[にげ]られないってこと?	意思是不能從圍牆逃走嗎？
CLIP	18.460	18.680	いや	いや	不。
CLIP	18.680	21.180	道はあるよ	道[みち]はあるよ	還有路。
CLIP	21.180	24.420	それで塀の端まで行ってみたんだ	それで塀[へい]の端[はじ]まで行っ[いっ]てみたんだ	所以我去了圍牆的盡頭看看。
CLIP	24.420	26.600	塀は二股に分かれていた	塀[へい]は二股[ふたまた]に分かれ[わかれ]ていた	圍牆分成了兩條岔路。
CLIP	26.600	28.680	一つは断崖に沿った塀	一つ[ひとつ]は断崖[だんがい]に沿っ[そっ]た塀[へい]	一條是沿著斷崖的圍牆，
CLIP	28.680	31.900	もう一つは僕らのハウスの側面の塀	もう一つ[ひとつ]は僕ら[ぼくら]のハウスの側面[そくめん]の塀[へい]	另一條是我們這個家側面的圍牆。
CLIP	31.900	34.980	ちょうど60度ずつ	ちょうど60度[ど]ずつ	角度剛好各是六十度。
CLIP	34.980	37.540	二股の塀の内側はまるで対称	二股[ふたまた]の塀[へい]の内側[うちがわ]はまるで対称[たいしょう]	分岔圍牆的內側，像是對稱一樣，
CLIP	37.540	40.780	そっくり同じ景色が広がっていたよ	そっくり同じ[おなじ]景色[けしき]が広がっ[ひろがっ]ていたよ	展開了一模一樣的景色。
CLIP	40.780	42.040	つまりここ	つまりここ	也就是說，這裡，
CLIP	42.040	44.080	グレイスフィールドハウスは	グレイスフィールドハウスは	恩典農場之家，
CLIP	44.080	48.080	断崖に囲まれた六角形の土地に隣接して配置されていたんだ	断崖[だんがい]に囲ま[かこま]れた六角形[ろっかっけい]の土地[とち]に隣接[りんせつ]して配置[はいち]されていたんだ	是在被斷崖包圍的六角形土地上，相鄰配置的。
CLIP	48.080	53.060	そしてここ第三プラントの西にあるこの区画	そしてここ第[だい]三[さん]プラントの西[にし]にあるこの区画[くかく]	而位於我們第三農場西側的這個區域，
CLIP	53.060	55.960	おそらくここが本部	おそらくここが本部[ほんぶ]	恐怕就是總部。
CLIP	55.960	58.960	この区画にだけ橋があった	この区画[くかく]にだけ橋[はし]があった	只有這個區域有橋。
CLIP	58.960	61.700	周囲が絶壁である以上	周囲[しゅうい]が絶壁[ぜっぺき]である以上[いじょう]	既然四周都是絕壁，
CLIP	61.700	64.640	逃げるならここからだ	逃げる[にげる]ならここからだ	要逃就得從這裡走。
CLIP	64.640	66.140	ノーマン	ノーマン	諾曼。
CLIP	66.140	68.160	ママが呼んでる	ママが呼ん[よん]でる	媽媽在叫你。
CLIP	68.160	69.660	今行くって伝えて	今[いま]行く[いく]って伝え[つたえ]て	幫我告訴她，我馬上去。
CLIP	69.660	70.460	わかった	わかった	知道了。
CLIP	70.460	72.960	じゃあそろそろ行かなくちゃ	じゃあそろそろ行か[いか]なくちゃ	那我差不多該走了。
CLIP	72.960	74.260	ちょちょっと待て	ちょちょっと待て[まて]	等、等一下。
CLIP	74.260	75.080	ノーマン	ノーマン	諾曼。
CLIP	75.080	76.300	これ返すよ	これ返す[かえす]よ	這個還給你。
CLIP	76.300	78.280	僕は使っていない	僕[ぼく]は使っ[つかっ]ていない	我沒有用。
CLIP	78.280	80.340	お前	お前[おまえ]	你……
CLIP	80.340	85.040	最初から戻るつもりだったんだな	最初[さいしょ]から戻る[もどる]つもりだったんだな	從一開始就打算回來了吧。
CLIP	85.040	88.060	言ったじゃねえかよ一緒に生きるって	言っ[いっ]たじゃねえかよ一緒[いっしょ]に生きる[いきる]って	不是說好了嗎？要一起活下去。
CLIP	88.060	90.880	なのにお前は最初から	なのにお前[おまえ]は最初[さいしょ]から	可是你從一開始就……
CLIP	90.880	93.600	うんごめん嘘ついた	うんごめん嘘[うそ]ついた	嗯，對不起，我說謊了。
CLIP	93.600	96.120	僕は間違えるわけにはいかないんだ	僕[ぼく]は間違える[まちがえる]わけにはいかないんだ	我不能出錯。
CLIP	96.120	98.380	誰一人死なせないために	誰[だれ]一人[ひとり]死な[しな]せないために	為了不讓任何人死去。
CLIP	98.380	101.160	僕が逃げたら計画が狂う	僕[ぼく]が逃げ[にげ]たら計画[けいかく]が狂う[くるう]	我一逃跑，計畫就會被打亂。
CLIP	101.160	103.480	仮にわずかでもそれじゃ困る	仮に[かりに]わずかでもそれじゃ困る[こまる]	就算只有一點點可能，也不行。
CLIP	103.480	105.660	僕は万が一にも負けたくない	僕[ぼく]は万が一[まんがいち]にも負け[まけ]たくない	我連萬分之一失敗的可能都不想留下。
CLIP	105.660	108.280	何を言っても無駄だよ	何[なに]を言っ[いっ]ても無駄[むだ]だよ	你們說什麼都沒有用。
CLIP	108.280	110.220	気持ちは変わらない	気持ち[きもち]は変わら[かわら]ない	我不會改變心意。
CLIP	110.220	112.680	今日できるだけのことはやってきた	今日[きょう]できるだけのことはやってきた	今天能做的，我都做了。
CLIP	112.680	119.060	あとは頼む脱獄を必ず成功させて待ってノーマン	あとは頼む[たのむ]脱獄[だつごく]を必ず[かならず]成功[せいこう]させて待っ[まっ]てノーマン	接下來拜託你們，一定要成功逃獄。等等，諾曼！
CLIP	119.060	124.860	あったかい今までありがとう2人のおかげで	あったかい今[いま]までありがとう2人[にん]のおかげで	好溫暖。一直以來，謝謝你們。多虧了你們兩個，
CLIP	124.860	132.560	いい人生だった楽しかった嬉しかった幸せだった	いい人生[じんせい]だった楽しかっ[たのしかっ]た嬉しかっ[うれしかっ]た幸せ[しあわせ]だった	我有很好的人生。很快樂、很開心，也很幸福。
CLIP	132.560	139.700	クソちくしょうちくしょう	クソちくしょうちくしょう	可惡，可惡，可惡！
CLIP	139.700	146.880	ねえノーマンやっぱり今からでも逃げよう逃げて森に隠れよう	ねえノーマンやっぱり今[いま]からでも逃げよ[にげよ]う逃げ[にげ]て森[もり]に隠れよ[かくれよ]う	欸，諾曼，現在逃也還來得及，逃出去躲進森林吧。
CLIP	146.880	154.200	気持ちは変わらないさっきそう言ったでしょそれじゃまた風邪ね	気持ち[きもち]は変わら[かわら]ないさっきそう言っ[いっ]たでしょそれじゃまた風邪[かぜ]ね	我不會改變心意，剛才不是說過了嗎？那再見。感冒了呢。
CLIP	154.200	161.452	雪合戦はお預けよノーマンと遊びないの?風邪が治ってからねだ	雪合戦[ゆきがっせん]はお預け[おあづけ]よノーマンと遊び[あそび]ないの?風邪[かぜ]が治っ[なおっ]てからねだ	打雪仗要延後了喔。不能跟諾曼玩嗎？等感冒好了再說。所以，
CLIP	161.452	162.572	からいいみんな	からいいみんな	聽好了，大家。
CLIP	162.572	164.093	これからしばらく	これからしばらく	接下來這一陣子，
CLIP	164.093	165.952	医務室には入っちゃダメよ	医務[いむ]室[しつ]には入っ[はいっ]ちゃダメよ	都不可以進醫務室喔。
CLIP	165.952	167.312	はーい	はーい	好。
CLIP	167.312	170.213	遊びに来たよ	遊び[あそび]に来[き]たよ	我來找你玩了。
CLIP	170.213	173.452	どうして入っちゃダメだって	どうして入っ[はいっ]ちゃダメだって	為什麼？不是說不能進來嗎？
CLIP	173.452	174.632	だってノーマン	だってノーマン	因為諾曼，
CLIP	174.632	177.153	病気の度に一人ぼっちになっちゃうから	病気[びょうき]の度[たび]に一人ぼっち[ひとりぼっち]になっちゃうから	每次生病都只能一個人待著。
CLIP	177.153	179.132	そんなの寂しいじゃない	そんなの寂しい[さびしい]じゃない	這樣不是很寂寞嗎？
CLIP	179.132	183.912	ノーマンの分も私が喋るからお話ししよう	ノーマンの分[ぶん]も私[わたし]が喋る[しゃべる]からお話し[おはなし]しよう	你的份也由我來說，我們來聊天吧。
CLIP	183.912	186.832	だめだよ病気がうつっちゃう	だめだよ病気[びょうき]がうつっちゃう	不行，會傳染給妳。
CLIP	186.832	188.012	うつらないよ	うつらないよ	不會啦。
CLIP	188.012	190.632	私は風邪をひかないんだって	私[わたし]は風邪[かぜ]をひかないんだって	聽說我不會感冒。
CLIP	190.632	193.112	ま、エマ	ま、エマ	哎呀，艾瑪！
CLIP	193.112	195.252	いつの間に入って	いつの間に[いつのまに]入っ[はいっ]て	妳什麼時候進來的？
CLIP	195.252	198.232	あなたまで風邪をひいたらどうするの	あなたまで風邪[かぜ]をひいたらどうするの	要是連妳也感冒了怎麼辦？
CLIP	198.232	200.892	私なら大丈夫だってレイが	私[わたし]なら大丈夫[だいじょうぶ]だってレイが	雷說我的話就沒問題。
CLIP	200.892	201.653	レイ?	レイ?	雷？
CLIP	202.172	203.952	バカは風邪ひかないって本に	バカは風邪[かぜ]ひかないって本[ほん]に	書上說笨蛋不會感冒……
CLIP	203.952	205.812	とにかく	とにかく	總之，
CLIP	205.812	208.192	ここにいてはいけないわ	ここにいてはいけないわ	妳不能待在這裡。
CLIP	208.192	210.192	もう医務室に近づいちゃダメよ	もう医務[いむ]室[しつ]に近づい[ちかづい]ちゃダメよ	不可以再靠近醫務室了喔。
CLIP	210.192	211.172	いい?	いい?	知道嗎？
CLIP	211.472	211.732	エマ	エマ	艾瑪。
CLIP	211.732	212.972	はい	はい	知道了。
CLIP	212.972	214.972	来たよー	来[き]たよー	我來了！
CLIP	214.972	216.852	だからダメだって	だからダメだって	就說不行啦。
CLIP	216.852	218.112	はいこれあげる	はいこれあげる	來，這個給你。
CLIP	218.112	219.493	ここ?	ここ?	這裡？
CLIP	220.433	222.352	レイに教わって作ったんだよ	レイに教わっ[おそわっ]て作っ[つくっ]たんだよ	雷教我做的喔。
CLIP	222.352	222.612	エマ	エマ	艾瑪。
CLIP	222.612	226.232	まったく油断も隙もない	まったく油断[ゆだん]も隙[すき]もない	真是片刻都大意不得。
CLIP	226.232	228.873	これでお話できるんだって	これでお話[おはなし]できるんだって	聽說用這個就能聊天了。
CLIP	228.873	231.632	すごい	すごい	好厲害。
CLIP	231.632	234.552	これで外からでも話せるよ	これで外[そと]からでも話せる[はなせる]よ	這樣在外面也能跟你說話了。
CLIP	234.552	235.772	やったー	やったー	太好了！
CLIP	235.772	239.692	そんな大声出してたら糸電話なくても聞こえるだろう	そんな大声[おおごえ]出し[だし]てたら糸[いと]電話[でんわ]なくても聞こえる[きこえる]だろう	講話那麼大聲，就算沒有紙杯電話也聽得見吧。
CLIP	239.692	241.373	あそっかえ	あそっかえ	啊，對喔。咦？
CLIP	241.373	245.812	お待たせママええ行きましょうノーマン	お待た[また]せママええ行き[いき]ましょうノーマン	讓妳久等了，媽媽。嗯，走吧，諾曼。
CLIP	245.812	248.832	みんな待っているわ	みんな待っ[まっ]ているわ	大家都在等你。
CLIP	248.832	253.852	ノーマン	ノーマン	諾曼。
CLIP	253.852	258.232	セディ泣かないで泣いてる顔より笑顔で見送ってね	セディ泣か[なか]ないで泣い[ない]てる顔[かお]より笑顔[えがお]で見送っ[みおくっ]てね	賽迪，別哭。送別的時候，要給我看笑容，不是哭臉喔。
CLIP	258.232	261.792	ノーマン	ノーマン	諾曼。
CLIP	261.792	266.812	フィルどうか僕の代わりにエマを助けてあげて	フィルどうか僕[ぼく]の代わり[かわり]にエマを助け[たすけ]てあげて	菲爾，拜託你代替我幫助艾瑪。
CLIP	266.812	270.652	エマレイは?	エマレイは?	艾瑪，雷呢？
CLIP	272.092	275.472	医務室見送りなんてしたくないって	医務[いむ]室[しつ]見送り[みおくり]なんてしたくないって	在醫務室。他說不想來送行。
CLIP	275.472	276.712	そう	そう	這樣啊。
CLIP	276.712	281.292	ドン、ギルダ、エマとレイのことよろしくね	ドン、ギルダ、エマとレイのことよろしくね	唐、吉爾達，艾瑪和雷就拜託你們了。
CLIP	281.292	283.212	おう、任せとけ	おう、任せ[まかせ]とけ	好，交給我吧。
CLIP	283.212	287.232	エマ、みんなのこと頼んだよ	エマ、みんなのこと頼ん[たのん]だよ	艾瑪，大家就拜託妳了。
CLIP	287.232	289.553	それじゃあみんな、元気でね	それじゃあみんな、元気[げんき]でね	那麼，大家保重。
CLIP	289.553	292.512	ママ、エマ、今までありがと	ママ、エマ、今[いま]までありがと	媽媽。艾瑪，一直以來謝謝妳。
CLIP	292.512	300.972	ママ、エマ、エマ、（語音不清）の目を引きつける	ママ、エマ、エマ、（語音不清）の目[め]を引きつける[ひきつける]	媽媽。艾瑪、艾瑪，（語音不清）吸引注意。
CLIP	300.972	303.512	お願い、逃げて	お願い[おねがい]、逃げ[にげ]て	拜託，快逃。
CLIP	303.512	306.272	バカ、無鉄砲にもほどがあるぞ、エマ	バカ、無鉄砲[むてっぽう]にもほどがあるぞ、エマ	笨蛋，妳太魯莽了，艾瑪。
CLIP	306.272	311.673	今君がすべきことはこれじゃない嫌だ行かせないケンカ?	今[いま]君[きみ]がすべきことはこれじゃない嫌[いや]だ行か[いか]せないケンカ?	妳現在該做的不是這個。不要，我不讓你走。吵架了？
CLIP	311.673	316.925	どうして分かってくれないんだ僕はそんなことこれっぽっちも	どうして分かっ[わかっ]てくれないんだ僕[ぼく]はそんなことこれっぽっちも	為什麼妳不明白？我一點也，
CLIP	316.925	319.885	望んでいないただ笑って見送ってほしい	望ん[のぞん]でいないただ笑っ[わらっ]て見送っ[みおくっ]てほしい	不希望妳這麼做。我只希望妳笑著送我離開。
CLIP	319.885	322.685	僕の気持ちを汲んで	僕[ぼく]の気持ち[きもち]を汲ん[くん]で	體諒一下我的心情吧。
CLIP	322.685	325.765	いやその気持ちだけは尊重できない	いやその気持ち[きもち]だけは尊重[そんちょう]できない	不，唯獨這個心情，我無法尊重。
CLIP	325.765	328.225	本当は嫌ならなおさらだ	本当は[ほんとうは]嫌[いや]ならなおさらだ	如果你其實也不願意，那就更不能了。
CLIP	328.225	331.105	めちゃくちゃだよ君は	めちゃくちゃだよ君[きみ]は	妳真是亂來。
CLIP	331.105	335.205	無茶で無謀で甘くて幼稚で	無茶[むちゃ]で無謀[むぼう]で甘く[あまく]て幼稚[ようち]で	莽撞、冒失、天真又幼稚。
CLIP	335.205	337.425	でも真っ直ぐで	でも真っ直ぐ[まっすぐ]で	但妳又那麼直率。
CLIP	337.425	341.145	だからだから僕は	だからだから僕[ぼく]は	所以，所以我才……
CLIP	341.145	343.905	時間よノーマン	時間[じかん]よノーマン	時間到了，諾曼。
CLIP	343.905	344.985	うんママ	うんママ	嗯，媽媽。
CLIP	344.985	346.645	ま待って	ま待っ[まっ]て	等、等一下。
CLIP	346.645	348.825	エマ落ち着きなさい	エマ落ち着き[おちつき]なさい	艾瑪，冷靜一點。
CLIP	348.825	351.845	寂しいのは分かるけどおてんばが過ぎるわ	寂しい[さびしい]のは分かる[わかる]けどおてんばが過ぎる[すぎる]わ	我知道妳很寂寞，但妳鬧過頭了。
CLIP	351.845	354.845	次騒ぎ立てたら殺すわよ	次[つぎ]騒ぎ立て[さわぎたて]たら殺す[ころす]わよ	再鬧我就殺了妳。
CLIP	354.845	357.645	諦めなさい	諦め[あきらめ]なさい	放棄吧。
CLIP	357.645	359.505	ママいいかな	ママいいかな	媽媽，可以嗎？
CLIP	359.505	362.645	エマに最後のお別れを言っても	エマに最後[さいご]のお別れ[わかれ]を言っ[いっ]ても	讓我跟艾瑪做最後的道別。
CLIP	362.645	365.225	ええもちろんよ	ええもちろんよ	當然可以。
CLIP	365.225	366.245	さあエマ	さあエマ	來，艾瑪。
CLIP	366.245	372.385	エマありがとうだましてごめん	エマありがとうだましてごめん	艾瑪，謝謝妳。對不起，我騙了妳。
CLIP	372.385	377.745	怪我（語音不清）（語音不清）	怪我[けが]（語音不清）（語音不清）	受傷（語音不清）（語音不清）
CLIP	377.745	385.285	ちゃんと食べてねあと頼む大丈夫絶対	ちゃんと食べ[たべ]てねあと頼む[たのむ]大丈夫[だいじょうぶ]絶対[ぜったい]	要好好吃飯喔。接下來拜託妳了，沒問題的，一定。
CLIP	385.285	386.345	諦めないでね	諦め[あきらめ]ないでね	不要放棄喔。
CLIP	386.345	387.705	エマ	エマ	艾瑪。
CLIP	387.705	390.085	空っぽなのね トランク	空っぽ[からっぽ]なのね トランク	行李箱是空的啊。
CLIP	390.085	392.245	うん ほぼね	うん ほぼね	嗯，幾乎是。
CLIP	392.245	396.405	だって何を入れても 持って出ることはできないでしょ	だって何[なに]を入れ[いれ]ても 持っ[もっ]て出る[でる]ことはできないでしょ	因為不管放什麼，都沒辦法帶出去吧。
CLIP	396.405	399.725	あなたなら決して逃げない	あなたなら決して[けっして]逃げ[にげ]ない	你絕對不會逃跑。
CLIP	399.725	402.865	分かっていたわ 私には最初から	分かっ[わかっ]ていたわ 私[わたし]には最初[さいしょ]から	我知道，從一開始就知道。
CLIP	402.865	405.845	立派よ あなたは正しい	立派[りっぱ]よ あなたは正しい[ただしい]	你很了不起，你做得對。
CLIP	405.845	408.705	これでレイとエマは満期で出せる	これでレイとエマは満期[まんき]で出せる[だせる]	這樣雷和艾瑪就能到期再出貨了。
CLIP	408.705	413.745	決められた時間最後まで お家の中で幸せに	決め[きめ]られた時間[じかん]最後[さいご]まで お家[おいえ]の中[なか]で幸せ[しあわせ]に	直到命定時間的最後一刻，都幸福地待在家裡。
CLIP	413.745	416.105	そう 幸福な一生	そう 幸福[こうふく]な一生[いっしょう]	沒錯，幸福的一生。
CLIP	416.105	419.125	ねぇママは幸せ?	ねぇママは幸せ[しあわせ]?	欸，媽媽幸福嗎？
CLIP	419.125	425.265	ええ幸せよあなたという子に出会えたもの	ええ幸せ[しあわせ]よあなたという子[こ]に出会え[であえ]たもの	嗯，我很幸福，因為遇見了你這個孩子。
CLIP	425.265	430.785	こっちよこの部屋で少し待っていてちょうだい	こっちよこの部屋[へや]で少し[すこし]待っ[まっ]ていてちょうだい	這邊，請在這個房間稍等一下。
CLIP	430.785	433.565	おはよう私のかわいい子供たち	おはよう私[わたし]のかわいい子供[こども]たち	早安，我可愛的孩子們。
CLIP	433.565	439.125	こうして今日も37人の兄弟みんなで幸せに暮らせることに	こうして今日[きょう]も37人[にん]の兄弟[きょうだい]みんなで幸せ[しあわせ]に暮らせる[くらせる]ことに	感謝今天也能像這樣，三十七個兄弟姊妹一起幸福地生活。
CLIP	439.125	445.285	感謝していただきますいただきます	感謝[かんしゃ]していただきますいただきます	心懷感謝，我要開動了。我要開動了。
CLIP	445.285	446.685	エマ	エマ	艾瑪。
CLIP	446.685	448.685	めっちゃ飛んだめっちゃ飛んだ	めっちゃ飛ん[とん]だめっちゃ飛ん[とん]だ	飛得好遠，飛得好遠！
CLIP	448.685	451.105	元気ないねエマ	元気[げんき]ないねエマ	艾瑪沒什麼精神呢。
CLIP	451.105	453.685	僕あんなエマ見たことない	僕[ぼく]あんなエマ見[み]たことない	我從沒看過那樣的艾瑪。
CLIP	453.685	455.685	うんそうだな	うんそうだな	嗯，是啊。
CLIP	455.685	457.485	エマだけじゃないぜ	エマだけじゃないぜ	不只是艾瑪。
CLIP	457.485	458.985	レイもだよ	レイもだよ	雷也是。
CLIP	458.985	462.345	なんかすっげー落ち込んでてさ	なんかすっげー落ち込ん[おちこん]でてさ	他好像也非常消沉。
CLIP	462.345	464.945	なんだよ話って	なんだよ話[はなし]って	要談什麼？
CLIP	464.945	468.705	これからどうするか決めないとだろ	これからどうするか決め[きめ]ないとだろ	得決定接下來要怎麼辦吧。
CLIP	468.705	475.038	俺たちこの先もういいもういいここで死の	俺[おれ]たちこの先[さき]もういいもういいここで死の[しの]	我們接下來……算了，已經夠了，就死在這裡吧。
CLIP	475.038	477.798	無理だ周り崖だし	無理[むり]だ周り[まわり]崖[がけ]だし	不可能的，周圍都是懸崖，
CLIP	477.798	479.958	橋も本部から出ている一つだけ	橋[はし]も本部[ほんぶ]から出[で]ている一つ[ひとつ]だけ	橋也只有從總部出去的那一座。
CLIP	479.958	482.898	何より疲れた	何より[なにより]疲れ[つかれ]た	最重要的是，我累了。
CLIP	482.898	485.817	疲れたんだ	疲れ[つかれ]たんだ	我真的累了。
CLIP	485.817	487.418	じゃあこれは	じゃあこれは	那這個呢？
CLIP	487.418	489.298	いらない	いらない	不要了。
CLIP	489.298	491.137	お前にやるよ	お前[おまえ]にやるよ	給你吧。
CLIP	491.137	492.658	逃げたきゃ逃げろ	逃げ[にげ]たきゃ逃げろ[にげろ]	想逃就逃。
CLIP	492.658	494.438	俺は降りる	俺[おれ]は降りる[おりる]	我退出。
CLIP	494.438	495.358	ごめんな	ごめんな	對不起。
CLIP	495.358	502.377	エマエマレイお前ごめんごめんな	エマエマレイお前[おまえ]ごめんごめんな	艾瑪、艾瑪。雷，你……對不起，真的對不起。
CLIP	502.377	508.838	（語音不清）ノックはしたのよ聞こえなかった?	（語音不清）ノックはしたのよ聞こえ[きこえ]なかった?	（語音不清）我敲門了喔，沒聽見嗎？
CLIP	508.838	513.638	かわいそうにつらいのね苦しいのね	かわいそうにつらいのね苦しい[くるしい]のね	真可憐，妳很難過、很痛苦吧。
CLIP	513.638	516.038	ノーマンは死んでレイはあのざま	ノーマンは死ん[しん]でレイはあのざま	諾曼死了，雷又變成那副模樣。
CLIP	516.038	518.697	あなた一人じゃ何もできない	あなた一人[ひとり]じゃ何[なに]もできない	妳一個人什麼也做不了。
CLIP	518.697	523.497	絶望の極みね脱獄はもう絶対にかなわない	絶望[ぜつぼう]の極み[きわみ]ね脱獄[だつごく]はもう絶対[ぜったい]にかなわない	真是絕望到了極點，逃獄已經絕不可能實現。
CLIP	523.497	525.217	諦めてしまいなさい	諦め[あきらめ]てしまいなさい	放棄吧。
CLIP	525.217	530.577	絶望に苦しまずに済む一番の方法は諦めることよ	絶望[ぜつぼう]に苦しま[くるしま]ずに済む[すむ]一番[いちばん]の方法[ほうほう]は諦める[あきらめる]ことよ	不必承受絕望折磨的最好辦法，就是放棄。
CLIP	530.577	535.997	抗うからつらい受け入れるの楽になれるわ簡単よ	抗う[あらがう]からつらい受け入れる[うけいれる]の楽[らく]になれるわ簡単[かんたん]よ	因為反抗才會痛苦。接受吧，就能輕鬆了，很簡單的。
CLIP	535.997	537.577	私はねエマ	私[わたし]はねエマ	艾瑪，我啊，
CLIP	537.577	545.298	もしあなたが望めばあなたをこの農園のママ候補に推薦しようと思っているの	もしあなたが望め[のぞめ]ばあなたをこの農園[のうえん]のママ候補[こうほ]に推薦[すいせん]しようと思っ[おもっ]ているの	只要妳願意，我想推薦妳成為這座農場的媽媽候選人。
CLIP	545.298	548.497	ママ候補そうよ	ママ候補[こうほ]そうよ	媽媽候選人？沒錯。
CLIP	548.497	551.117	大人になって子供を産んで	大人[おとな]になって子供[こども]を産ん[うん]で	長大以後生下孩子，
CLIP	551.117	554.617	能力が認められればママやシスターとして	能力[のうりょく]が認め[みとめ]られればママやシスターとして	只要能力得到認可，就能以媽媽或修女的身分，
CLIP	554.617	557.077	またこのハウスに戻ってこられるの	またこのハウスに戻っ[もどっ]てこられるの	再次回到這個家。
CLIP	557.077	559.197	あなたにはその資格がある	あなたにはその資格[しかく]がある	妳有這個資格。
CLIP	559.197	563.278	あなたが望めば私は喜んであなたを押すわ	あなたが望め[のぞめ]ば私[わたし]は喜ん[よろこん]であなたを押す[おす]わ	只要妳願意，我很樂意推薦妳。
CLIP	563.278	567.418	誰がそんなものにそう思った	誰[だれ]がそんなものにそう思っ[おもっ]た	誰要當那種東西。妳是這麼想的吧。
CLIP	567.418	572.197	じゃああなたには一体何ができるの	じゃああなたには一体[いったい]何[なに]ができるの	那妳到底還能做什麼？
CLIP	572.197	576.697	何もできない誰も救えないただ死を呪う	何[なに]もできない誰[だれ]も救え[すくえ]ないただ死[し]を呪う[のろう]	什麼都做不了，誰也救不了，只能詛咒死亡。
CLIP	576.697	580.978	苦しみの連鎖よ生きてママを目指しなさい	苦しみ[くるしみ]の連鎖[れんさ]よ生き[いき]てママを目指し[めざし]なさい	這是痛苦的連鎖。活下去，以成為媽媽為目標吧。
CLIP	580.978	584.018	絶望を受け入れて楽になるのよ	絶望[ぜつぼう]を受け入れ[うけいれ]て楽[らく]になるのよ	接受絕望，讓自己解脫吧。
CLIP	584.018	587.237	嫌だそれだけはできない	嫌[いや]だそれだけはできない	不要，唯獨這件事我做不到。
CLIP	587.237	591.438	いいわじゃあせいぜいのた打ち回って死を迎えなさい	いいわじゃあせいぜいのた打ち[うち]回っ[まわっ]て死[し]を迎え[むかえ]なさい	好啊，那妳就盡情掙扎，迎接死亡吧。
CLIP	591.438	597.758	あなたたちは逃げられない今一度存分にお思い知りなさい	あなたたちは逃げ[にげ]られない今一度[いまいちど]存分[ぞんぶん]にお思い知り[おもいしり]なさい	你們逃不了，再一次好好認清這個事實吧。
CLIP	597.758	599.617	できた!	できた!	完成了！
CLIP	599.617	601.298	エマ	エマ	艾瑪。
CLIP	601.298	605.298	レイこんな時間に何してるの	レイこんな時間[じかん]に何[なに]してるの	雷，這麼晚了，你在做什麼？
CLIP	605.298	610.298	最後だからハウスにお別れを	最後[さいご]だからハウスにお別れ[わかれ]を	因為是最後一次了，我來跟這個家道別。
CLIP	610.298	613.298	レイ明日誕生日だもんね	レイ明日[あした]誕生[たんじょう]日[び]だもんね	雷明天就生日了呢。
CLIP	613.298	619.298	そう今日が最後の夜明日でお別れだ	そう今日[きょう]が最後[さいご]の夜[よる]明日[あした]でお別れ[わかれ]だ	對，今天是最後一晚，明天就要道別了。
CLIP	619.298	624.298	なあエマお前本当に諦めちまったの	なあエマお前[おまえ]本当に[ほんとうに]諦め[あきらめ]ちまったの	欸，艾瑪，妳真的已經放棄了嗎？
CLIP	624.298	628.798	本当は諦めてなんかないんだろうエマ	本当は[ほんとうは]諦め[あきらめ]てなんかないんだろうエマ	其實妳根本沒有放棄吧，艾瑪。
